Color Label,Hex Value,RGB
10RR 73/016,#DFDBDA,"(223, 219, 218)"
13YR 80/033,#EDE4E2,"(237, 228, 226)"
10RR 83/026,#EEE8E8,"(238, 232, 232)"
30RR 83/020,#EBE5E5,"(235, 229, 229)"
10RB 83/012,#E9E8E8,"(233, 232, 232)"
04YR 82/010,#EAE8E5,"(234, 232, 229)"
10RR 83/009,#EAE8E5,"(234, 232, 229)"
10RR 73/023,#E2DCDC,"(226, 220, 220)"
50RR 83/029,#EFE6E5,"(239, 230, 229)"
90RR 83/021,#EEE7E5,"(238, 231, 229)"
10YR 83/015,#ECE7E3,"(236, 231, 227)"
90RR 83/013,#ECE7E4,"(236, 231, 228)"
90RR 83/009,#ECE8E5,"(236, 232, 229)"
50RR 83/006,#ECE9E7,"(236, 233, 231)"
80YR 74/043,#E5DAD3,"(229, 218, 211)"
Jasmine Blush,#E8E4E0,"(232, 228, 224)"
55YR 83/024,#EDE4DE,"(237, 228, 222)"
70YR 83/034,#F0E8E2,"(240, 232, 226)"
50YR 83/025,#EEE6E2,"(238, 230, 226)"
60YR 83/026,#EFE8E2,"(239, 232, 226)"
93YR 86/030,#F2ECE6,"(242, 236, 230)"
80YR 75/057,#E9DCD3,"(233, 220, 211)"
60YR 83/034,#F0E7E1,"(240, 231, 225)"
93YR 80/033,#ECE5DF,"(236, 229, 223)"
70YR 83/026,#EDE7E1,"(237, 231, 225)"
60YR 83/017,#EDE8E3,"(237, 232, 227)"
Delicate Veil,#EAE6E1,"(234, 230, 225)"
50YR 83/003,#EAE8E5,"(234, 232, 229)"
90YR 67/085,#E1D0C3,"(225, 208, 195)"
90YR 74/057,#E8DCD2,"(232, 220, 210)"
Confetti Paper,#F3E7DE,"(243, 231, 222)"
90YR 81/058,#F0E4DB,"(240, 228, 219)"
80YR 83/026,#EEE7E1,"(238, 231, 225)"
11YY 85/042,#F2EBE3,"(242, 235, 227)"
14YY 88/041,#F5EEE5,"(245, 238, 229)"
00YY 76/088,#ECDBCD,"(236, 219, 205)"
00YY 83/080,#F4E5D7,"(244, 229, 215)"
00YY 83/069,#F1E4D7,"(241, 228, 215)"
90YR 83/044,#F0E8E0,"(240, 232, 224)"
00YY 83/046,#EFE5DC,"(239, 229, 220)"
01YY 86/034,#F2ECE5,"(242, 236, 229)"
35YY 88/050,#F5EFE5,"(245, 239, 229)"
10YY 74/063,#E7DBD0,"(231, 219, 208)"
08YY 78/069,#EDE1D5,"(237, 225, 213)"
16YY 79/040,#EAE4DB,"(234, 228, 219)"
00YY 83/057,#EFE4DA,"(239, 228, 218)"
10YY 83/029,#EFE9E1,"(239, 233, 225)"
29YY 79/033,#E8E3DC,"(232, 227, 220)"
40YY 83/021,#EBE8E1,"(235, 232, 225)"
30YY 71/138,#E9D8BE,"(233, 216, 190)"
20YY 77/110,#EFDFCB,"(239, 223, 203)"
25YY 77/087,#EDE1D0,"(237, 225, 208)"
37YY 79/086,#ECE2D1,"(236, 226, 209)"
23YY 86/081,#F7EBDC,"(247, 235, 220)"
41YY 82/071,#EFE8D9,"(239, 232, 217)"
47YY 86/047,#F2EDE3,"(242, 237, 227)"
40YY 74/056,#E3DDD2,"(227, 221, 210)"
Lambs Wool,#EDE1D0,"(237, 225, 208)"
Summer Linen,#EAE3D7,"(234, 227, 215)"
51YY 83/060,#EDE6D8,"(237, 230, 216)"
44YY 84/042,#EEE9DE,"(238, 233, 222)"
30YY 82/039,#EDE8DF,"(237, 232, 223)"
50YY 83/029,#EBE7DE,"(235, 231, 222)"
30YY 71/073,#E2D8C9,"(226, 216, 201)"
44YY 69/069,#DDD6C9,"(221, 214, 201)"
41YY 77/065,#E7E0D3,"(231, 224, 211)"
63YY 80/051,#E7E4D9,"(231, 228, 217)"
43YY 81/051,#EBE6DA,"(235, 230, 218)"
39YY 85/046,#EDE8DD,"(237, 232, 221)"
30YY 83/026,#ECE9E2,"(236, 233, 226)"
38YY 72/117,#E9DBC5,"(233, 219, 197)"
39YY 77/091,#EAE0CD,"(234, 224, 205)"
45YY 83/125,#F6E8CF,"(246, 232, 207)"
42YY 84/095,#F4E9D4,"(244, 233, 212)"
50YY 83/114,#F3E7CE,"(243, 231, 206)"
40YY 83/086,#F4E9D7,"(244, 233, 215)"
23YY 86/081,#F7EBDC,"(247, 235, 220)"
40YY 69/112,#E2D5C0,"(226, 213, 192)"
45YY 83/094,#F3E8D4,"(243, 232, 212)"
44YY 80/106,#F5E9D4,"(245, 233, 212)"
40YY 83/107,#F5E8D2,"(245, 232, 210)"
38YY 85/096,#F6EBD8,"(246, 235, 216)"
39YY 84/095,#F4E9D6,"(244, 233, 214)"
Cotton Thread,#F7F0DF,"(247, 240, 223)"
53YY 82/133,#F2E7CC,"(242, 231, 204)"
51YY 84/121,#F4EAD1,"(244, 234, 209)"
Cream Bun,#F8EFD8,"(248, 239, 216)"
Vanilla Skies,#F4ECD6,"(244, 236, 214)"
65YY 90/062,#F6F2E5,"(246, 242, 229)"
61YY 89/040,#F4F0E4,"(244, 240, 228)"
67YY 88/044,#F2EFE5,"(242, 239, 229)"
Cowslip Flower,#EFEBD1,"(239, 235, 209)"
75YY 87/137,#F5EDCF,"(245, 237, 207)"
61YY 86/159,#F6ECCC,"(246, 236, 204)"
61YY 89/135,#F6EDD1,"(246, 237, 209)"
67YY 89/124,#F7EED4,"(247, 238, 212)"
Fine Cream,#F6F2E5,"(246, 242, 229)"
83YY 88/033,#F1F0E8,"(241, 240, 232)"
Milled Flour,#E4DABF,"(228, 218, 191)"
65YY 79/118,#EBE4CC,"(235, 228, 204)"
66YY 88/114,#F5EFD7,"(245, 239, 215)"
65YY 84/081,#EFEAD6,"(239, 234, 214)"
71YY 87/078,#F3EEDC,"(243, 238, 220)"
91YY 88/072,#F0F0E0,"(240, 240, 224)"
83YY 89/055,#F2F1E5,"(242, 241, 229)"
89YY 80/039,#E7E6DD,"(231, 230, 221)"
Cosy Cashmere,#ECE9D9,"(236, 233, 217)"
78YY 83/048,#ECEADF,"(236, 234, 223)"
70YY 83/037,#ECE9E0,"(236, 233, 224)"
77YY 86/032,#EEEDE5,"(238, 237, 229)"
New Meringue,#F0ECDF,"(240, 236, 223)"
83YY 89/055,#F2F1E5,"(242, 241, 229)"
30GY 73/053,#DBDDD2,"(219, 221, 210)"
Shell Stories,#E7EAE0,"(231, 234, 224)"
10GY 83/050,#E8E9DC,"(232, 233, 220)"
97YY 83/090,#E9EAD7,"(233, 234, 215)"
94YY 83/072,#E9EAD9,"(233, 234, 217)"
Mountain Air,#ECF1E2,"(236, 241, 226)"
Snowy Summit,#EDF2E9,"(237, 242, 233)"
30GG 72/008,#D7D9D6,"(215, 217, 214)"
10GG 83/018,#E6EAE4,"(230, 234, 228)"
50GG 83/034,#E2ECE6,"(226, 236, 230)"
70GG 83/023,#E4EBE7,"(228, 235, 231)"
50GG 83/023,#E5E9E4,"(229, 233, 228)"
50GG 83/011,#E7EAE6,"(231, 234, 230)"
04GY 87/028,#EEEFE8,"(238, 239, 232)"
50BG 76/023,#DBE1E1,"(219, 225, 225)"
77GG 82/044,#DEEBE8,"(222, 235, 232)"
28GG 82/048,#DEEBE5,"(222, 235, 229)"
Pale Opal,#E5EEE4,"(229, 238, 228)"
36GG 87/038,#E7F1EC,"(231, 241, 236)"
45GY 83/023,#E7EAE4,"(231, 234, 228)"
90GG 83/011,#E6E9E6,"(230, 233, 230)"
10BB 73/039,#D7DDE1,"(215, 221, 225)"
02BB 81/030,#E1E7EA,"(225, 231, 234)"
56BG 81/023,#E2E7E7,"(226, 231, 231)"
Rail Cloth,#E4E7E9,"(228, 231, 233)"
30BB 83/018,#E8EAEB,"(232, 234, 235)"
10BB 83/014,#E8EAE9,"(232, 234, 233)"
Rock Salt,#E9EAE9,"(233, 234, 233)"
Frosted Steel,#D6DCE0,"(214, 220, 224)"
17BB 79/028,#E0E4E8,"(224, 228, 232)"
40BB 83/017,#E7E9EB,"(231, 233, 235)"
70BB 83/020,#E8E8EB,"(232, 232, 235)"
30BB 83/013,#E9E9E9,"(233, 233, 233)"
50BB 83/006,#E9E9E7,"(233, 233, 231)"
White Mist,#E8E8E4,"(232, 232, 228)"
53RR 83/031,#EFE7E7,"(239, 231, 231)"
90BB 83/020,#ECEAED,"(236, 234, 237)"
90RB 83/030,#EEE8EA,"(238, 232, 234)"
90RB 83/023,#EEE9EB,"(238, 233, 235)"
90RB 83/015,#EDEAEB,"(237, 234, 235)"
50RB 83/005,#E9E7E6,"(233, 231, 230)"
10BB 83/006,#E8EAE9,"(232, 234, 233)"
85YY 74/012,#DEDEDA,"(222, 222, 218)"
13GY 77/016,#E1E2DD,"(225, 226, 221)"
65YY 87/039,#F0EEE5,"(240, 238, 229)"
56YY 87/037,#F0EDE4,"(240, 237, 228)"
93YY 89/012,#F1F1ED,"(241, 241, 237)"
White Cotton,#EEEFEA,"(238, 239, 234)"
Icing Sugar,#F3F2EC,"(243, 242, 236)"
50RR 10/229,#734150,"(115, 65, 80)"
Dried Roses,#915165,"(145, 81, 101)"
50RR 17/372,#AA516F,"(170, 81, 111)"
50RR 32/262,#C68597,"(198, 133, 151)"
50RR 49/195,#DBA9B6,"(219, 169, 182)"
50RR 61/129,#E3C1C9,"(227, 193, 201)"
50RR 74/048,#E7DADB,"(231, 218, 219)"
Velvet Robe,#6B3C50,"(107, 60, 80)"
50RR 12/305,#8A3F59,"(138, 63, 89)"
55RR 11/401,#942D52,"(148, 45, 82)"
49RR 17/416,#AE486D,"(174, 72, 109)"
50RR 26/431,#CC6487,"(204, 100, 135)"
57RR 62/183,#EFBFC9,"(239, 191, 201)"
80RR 77/083,#F2DCDC,"(242, 220, 220)"
54RR 09/276,#743347,"(116, 51, 71)"
64RR 12/436,#9D3352,"(157, 51, 82)"
63RR 19/405,#B5506B,"(181, 80, 107)"
63RR 39/350,#E0899C,"(224, 137, 156)"
54RR 52/260,#ECA8B9,"(236, 168, 185)"
55RR 75/106,#F2D6DA,"(242, 214, 218)"
50RR 83/034,#F0E7E7,"(240, 231, 231)"
80RR 07/260,#68303A,"(104, 48, 58)"
70RR 10/250,#7E434E,"(126, 67, 78)"
Berry Pop,#AE5367,"(174, 83, 103)"
76RR 40/294,#DD939C,"(221, 147, 156)"
71RR 58/199,#ECB8BE,"(236, 184, 190)"
Lady Penelope,#EDC9CC,"(237, 201, 204)"
Iced Gem,#F2DCDC,"(242, 220, 220)"
Finest Burgundy,#503137,"(80, 49, 55)"
70RR 13/233,#864F5A,"(134, 79, 90)"
72RR 13/253,#8A4B56,"(138, 75, 86)"
Pink Prose,#C79CA3,"(199, 156, 163)"
70RR 52/120,#D6B5B8,"(214, 181, 184)"
70RR 66/072,#E2CECF,"(226, 206, 207)"
70RR 74/051,#E9DAD9,"(233, 218, 217)"
Rouge Noir,#492D35,"(73, 45, 53)"
72RR 07/173,#5F373D,"(95, 55, 61)"
70RR 19/190,#966870,"(150, 104, 112)"
70RR 32/139,#B18E93,"(177, 142, 147)"
70RR 43/104,#C1A4A9,"(193, 164, 169)"
70RR 57/070,#D3BFC1,"(211, 191, 193)"
85RR 75/032,#E5DCDC,"(229, 220, 220)"
80RR 10/306,#853643,"(133, 54, 67)"
70RR 13/380,#984356,"(152, 67, 86)"
70RR 25/338,#C16D7E,"(193, 109, 126)"
70RR 38/246,#D0929C,"(208, 146, 156)"
Cherry Plum,#DDB5BA,"(221, 181, 186)"
66RR 67/091,#E6CED0,"(230, 206, 208)"
72RR 78/058,#EFDFDF,"(239, 223, 223)"
77RR 16/420,#AB4357,"(171, 67, 87)"
Raspberry Ripple,#C95D73,"(201, 93, 115)"
74RR 28/432,#D86C80,"(216, 108, 128)"
81RR 47/323,#ED9AA3,"(237, 154, 163)"
78RR 54/274,#F0A9B1,"(240, 169, 177)"
78RR 71/148,#F5CED1,"(245, 206, 209)"
70RR 83/040,#F1E5E4,"(241, 229, 228)"
83RR 12/377,#963747,"(150, 55, 71)"
90RR 16/386,#AC4B57,"(172, 75, 87)"
90RR 31/403,#DB7680,"(219, 118, 128)"
76RR 40/294,#DD939C,"(221, 147, 156)"
77RR 67/177,#F3C4C9,"(243, 196, 201)"
82RR 76/111,#F6D8DA,"(246, 216, 218)"
90RR 83/030,#F0E7E5,"(240, 231, 229)"
Poison Apple,#9E3147,"(158, 49, 71)"
88RR 18/464,#B94657,"(185, 70, 87)"
Coral Polka,#D66B76,"(214, 107, 118)"
Flamingo Flock,#E18D93,"(225, 141, 147)"
90RR 52/214,#EAB0B2,"(234, 176, 178)"
90RR 69/101,#ECD0CF,"(236, 208, 207)"
16YR 79/080,#F5DFDB,"(245, 223, 219)"
03YR 08/318,#7C2829,"(124, 40, 41)"
07YR 10/489,#99282C,"(153, 40, 44)"
00YR 18/531,#C23F4B,"(194, 63, 75)"
94RR 28/490,#DD646D,"(221, 100, 109)"
95RR 36/390,#E48286,"(228, 130, 134)"
91RR 51/304,#F4A6A8,"(244, 166, 168)"
93RR 70/157,#F9CECD,"(249, 206, 205)"
95RR 07/271,#6B2C31,"(107, 44, 49)"
00YR 08/409,#832930,"(131, 41, 48)"
Stolen Rose,#AD6368,"(173, 99, 104)"
90RR 41/258,#DB9599,"(219, 149, 153)"
90RR 58/177,#EBBABB,"(235, 186, 187)"
90RR 62/124,#E6C4C5,"(230, 196, 197)"
18YR 83/042,#F3E7E4,"(243, 231, 228)"
09YR 05/305,#6B3136,"(107, 49, 54)"
90RR 11/257,#84474B,"(132, 71, 75)"
90RR 16/298,#9E555C,"(158, 85, 92)"
90RR 28/245,#B87C7E,"(184, 124, 126)"
Ash Rose,#D49C9B,"(212, 156, 155)"
90RR 55/138,#DDB8B8,"(221, 184, 184)"
90RR 76/062,#EEDCDA,"(238, 220, 218)"
14YR 10/434,#91302C,"(145, 48, 44)"
Chilli Pepper,#9B3D3F,"(155, 61, 63)"
Auburn Embers,#A85958,"(168, 89, 88)"
04YR 27/258,#B97A77,"(185, 122, 119)"
10YR 41/223,#D59B96,"(213, 155, 150)"
Sweet Nougat,#E4C5C1,"(228, 197, 193)"
18YR 78/079,#F3DEDA,"(243, 222, 218)"
01YR 09/386,#86252B,"(134, 37, 43)"
06YR 12/509,#A6272F,"(166, 39, 47)"
Pepper Red,#B33E3F,"(179, 62, 63)"
Lost Coral,#C15A57,"(193, 90, 87)"
10YR 38/318,#DE8E89,"(222, 142, 137)"
10YR 67/111,#ECCCC8,"(236, 204, 200)"
30YR 83/040,#F2E6E2,"(242, 230, 226)"
Velvet Cake,#6E3936,"(110, 57, 54)"
10YR 09/250,#783C3A,"(120, 60, 58)"
00YR 17/365,#AA5154,"(170, 81, 84)"
Coral Charm,#C27470,"(194, 116, 112)"
02YR 45/229,#DCA29E,"(220, 162, 158)"
Ballerina Dance,#E7CBC7,"(231, 203, 199)"
50YR 78/064,#F0E0D9,"(240, 224, 217)"
05YR 08/272,#722F2E,"(114, 47, 46)"
02YR 09/373,#862A2E,"(134, 42, 46)"
Cranberry Crunch,#A32E39,"(163, 46, 57)"
07YR 21/415,#BE5B59,"(190, 91, 89)"
22YR 50/316,#EEA197,"(238, 161, 151)"
21YR 73/125,#F6D6CF,"(246, 214, 207)"
31YR 84/056,#F7E7E3,"(247, 231, 227)"
00YR 15/510,#B23643,"(178, 54, 67)"
05YR 15/555,#B83944,"(184, 57, 68)"
Wild Poppy,#C9464F,"(201, 70, 79)"
00YR 26/490,#D86165,"(216, 97, 101)"
Summer Fizz,#E88683,"(232, 134, 131)"
Boho Blush,#F3A9A4,"(243, 169, 164)"
28YR 67/165,#F5CAC1,"(245, 202, 193)"
16YR 13/558,#B02826,"(176, 40, 38)"
19YR 14/629,#BD2F2C,"(189, 47, 44)"
16YR 16/594,#C33A38,"(195, 58, 56)"
26YR 30/511,#E16F5F,"(225, 111, 95)"
18YR 54/304,#F7ACA1,"(247, 172, 161)"
40YR 75/107,#F4D9D0,"(244, 217, 208)"
30YR 83/029,#EFE7E2,"(239, 231, 226)"
17YR 13/463,#A23530,"(162, 53, 48)"
Dynamite Red,#CD4A38,"(205, 74, 56)"
Salsa Mix,#CD6555,"(205, 101, 85)"
30YR 38/337,#DE8F7F,"(222, 143, 127)"
30YR 53/188,#E3B3A8,"(227, 179, 168)"
Berry Whip,#F4D3CB,"(244, 211, 203)"
Peach Blossom,#F1DAD2,"(241, 218, 210)"
23YR 10/308,#7E3C33,"(126, 60, 51)"
21YR 13/383,#973E34,"(151, 62, 52)"
22YR 18/488,#B9483C,"(185, 72, 60)"
28YR 25/461,#CC6552,"(204, 101, 82)"
30YR 43/295,#E19B8D,"(225, 155, 141)"
30YR 68/127,#EECCC4,"(238, 204, 196)"
30YR 83/023,#EDE6E2,"(237, 230, 226)"
23YR 08/237,#6F3B33,"(111, 59, 51)"
Terracotta Army,#9A4C3C,"(154, 76, 60)"
26YR 18/404,#B05446,"(176, 84, 70)"
Blood Orange,#C57463,"(197, 116, 99)"
38YR 40/290,#D89683,"(216, 150, 131)"
30YR 67/113,#E9CCC5,"(233, 204, 197)"
50YR 83/035,#EFE7E3,"(239, 231, 227)"
30YR 07/354,#7C3B31,"(124, 59, 49)"
19YR 13/558,#AF332E,"(175, 51, 46)"
Earths Core,#C33F28,"(195, 63, 40)"
18YR 36/386,#E18479,"(225, 132, 121)"
31YR 50/290,#EDA798,"(237, 167, 152)"
46YR 69/173,#F8CEC0,"(248, 206, 192)"
50YR 76/087,#EFD8CF,"(239, 216, 207)"
30YR 10/314,#823F33,"(130, 63, 51)"
Spicy Paprika,#A43E2D,"(164, 62, 45)"
30YR 21/505,#CA5B4A,"(202, 91, 74)"
32YR 38/392,#E58A77,"(229, 138, 119)"
49YR 59/226,#F1BCA9,"(241, 188, 169)"
50YR 75/111,#F4D8CE,"(244, 216, 206)"
51YR 83/054,#F3E3DA,"(243, 227, 218)"
30YR 15/550,#B54131,"(181, 65, 49)"
30YR 20/595,#CF4D3D,"(207, 77, 61)"
28YR 29/561,#E16553,"(225, 101, 83)"
42YR 43/439,#F39578,"(243, 149, 120)"
61YR 60/282,#F6B99D,"(246, 185, 157)"
60YR 70/151,#F2CEBE,"(242, 206, 190)"
60YR 83/060,#F2E2D9,"(242, 226, 217)"
38YR 17/442,#AE5138,"(174, 81, 56)"
Rocket Fire,#D35338,"(211, 83, 56)"
Satsuma Spice,#DE6546,"(222, 101, 70)"
50YR 32/460,#DD7B59,"(221, 123, 89)"
58YR 49/379,#F4A481,"(244, 164, 129)"
61YR 61/229,#F3C0A9,"(243, 192, 169)"
74YR 71/141,#F2D4C2,"(242, 212, 194)"
39YR 11/342,#874531,"(135, 69, 49)"
50YR 15/377,#9A5238,"(154, 82, 56)"
Cinnamon Sprinkle,#AD6C55,"(173, 108, 85)"
Copper Blush,#CC907B,"(204, 144, 123)"
Fresh Plaster,#DAB6AB,"(218, 182, 171)"
50YR 66/091,#E3CCC3,"(227, 204, 195)"
50YR 83/040,#F0E5DE,"(240, 229, 222)"
30YR 08/236,#713E34,"(113, 62, 52)"
30YR 12/292,#8B4C3F,"(139, 76, 63)"
50YR 23/365,#B86C51,"(184, 108, 81)"
Sunset Kiss,#DC9C86,"(220, 156, 134)"
50YR 55/201,#E5B4A3,"(229, 180, 163)"
50YR 68/114,#EACDC2,"(234, 205, 194)"
45YR 83/076,#F6E3DB,"(246, 227, 219)"
60YR 16/464,#AE562D,"(174, 86, 45)"
60YR 24/439,#BE6B44,"(190, 107, 68)"
Frosted Papaya,#CD8161,"(205, 129, 97)"
60YR 40/297,#D8967B,"(216, 150, 123)"
70YR 56/190,#E1B7A3,"(225, 183, 163)"
70YR 68/118,#EACEC0,"(234, 206, 192)"
67YR 77/081,#EFDCD2,"(239, 220, 210)"
50YR 09/244,#724232,"(114, 66, 50)"
53YR 17/504,#B25431,"(178, 84, 49)"
48YR 26/519,#D06740,"(208, 103, 64)"
60YR 40/423,#E5906A,"(229, 144, 106)"
63YR 50/340,#EEA986,"(238, 169, 134)"
78YR 74/155,#F8D7C3,"(248, 215, 195)"
Candy Cream,#F8E8DC,"(248, 232, 220)"
50YR 12/406,#994C33,"(153, 76, 51)"
52YR 21/567,#CA5322,"(202, 83, 34)"
49YR 27/627,#E16233,"(225, 98, 51)"
55YR 36/590,#F37C4B,"(243, 124, 75)"
60YR 55/271,#EFB499,"(239, 180, 153)"
59YR 70/153,#F4D1C1,"(244, 209, 193)"
60YR 75/075,#EDDAD1,"(237, 218, 209)"
63YR 26/584,#D4692E,"(212, 105, 46)"
68YR 28/701,#E56E27,"(229, 110, 39)"
65YR 35/659,#F17831,"(241, 120, 49)"
Tangerine Twist,#F08948,"(240, 137, 72)"
83YR 54/381,#F6B180,"(246, 177, 128)"
83YR 62/211,#EEC4A9,"(238, 196, 169)"
82YR 81/106,#F7E2D3,"(247, 226, 211)"
52YR 18/350,#A55E43,"(165, 94, 67)"
Autumn Embrace,#C16130,"(193, 97, 48)"
69YR 39/474,#E68D5A,"(230, 141, 90)"
Fandango Fun,#F8A476,"(248, 164, 118)"
Sunblush Peach,#FFBB93,"(255, 187, 147)"
Sunset Sands,#FBCAAA,"(251, 202, 170)"
90YR 83/070,#F4E5D9,"(244, 229, 217)"
45YR 11/240,#794532,"(121, 69, 50)"
54YR 22/344,#AE684A,"(174, 104, 74)"
66YR 33/286,#C2886B,"(194, 136, 107)"
70YR 45/261,#D9A387,"(217, 163, 135)"
80YR 57/179,#E1BCA7,"(225, 188, 167)"
90YR 77/115,#F4DDCC,"(244, 221, 204)"
99YR 85/075,#F4E6DA,"(244, 230, 218)"
Bay Horse,#8E5637,"(142, 86, 55)"
62YR 18/397,#A75B34,"(167, 91, 52)"
Notebook Orange,#C2794F,"(194, 121, 79)"
80YR 46/243,#D6A78A,"(214, 167, 138)"
90YR 64/166,#E9C9B2,"(233, 201, 178)"
03YY 82/067,#F2E6DB,"(242, 230, 219)"
50YR 83/020,#EDE8E4,"(237, 232, 228)"
77YR 14/306,#8A5631,"(138, 86, 49)"
80YR 19/378,#A4673C,"(164, 103, 60)"
80YR 35/383,#D08E61,"(208, 142, 97)"
80YR 55/266,#EAB696,"(234, 182, 150)"
80YR 65/185,#F0C8B0,"(240, 200, 176)"
90YR 72/159,#F3D4BD,"(243, 212, 189)"
99YR 83/059,#F3E6D9,"(243, 230, 217)"
70YR 08/186,#654330,"(101, 67, 48)"
80YR 13/325,#8F5833,"(143, 88, 51)"
77YR 26/391,#BB7546,"(187, 117, 70)"
Golden Brick,#CF966E,"(207, 150, 110)"
90YR 55/266,#E7B794,"(231, 183, 148)"
86YR 70/136,#EED3C1,"(238, 211, 193)"
80YR 76/086,#EFDDD1,"(239, 221, 209)"
70YR 19/432,#AE6335,"(174, 99, 53)"
80YR 31/508,#D77E44,"(215, 126, 68)"
80YR 34/468,#DA8953,"(218, 137, 83)"
80YR 45/427,#EC9F6C,"(236, 159, 108)"
85YR 60/336,#FABC90,"(250, 188, 144)"
87YR 67/204,#F3CCB0,"(243, 204, 176)"
08YY 82/100,#F6E5D4,"(246, 229, 212)"
75YR 18/393,#A25D2C,"(162, 93, 44)"
75YR 27/487,#C77338,"(199, 115, 56)"
80YR 32/489,#D38043,"(211, 128, 67)"
84YR 46/409,#E8A06C,"(232, 160, 108)"
90YR 57/293,#F0BC94,"(240, 188, 148)"
99YR 63/283,#F3C49B,"(243, 196, 155)"
Abalone Sands,#F0DCC9,"(240, 220, 201)"
80YR 20/488,#B4662F,"(180, 102, 47)"
Active Orange,#DC7525,"(220, 117, 37)"
83YR 44/540,#F19754,"(241, 151, 84)"
90YR 54/440,#F4AC71,"(244, 172, 113)"
05YY 72/254,#F9D1AA,"(249, 209, 170)"
16YY 76/189,#F8DCBB,"(248, 220, 187)"
21YY 84/128,#FAE8D1,"(250, 232, 209)"
76YR 27/558,#CD6F27,"(205, 111, 39)"
78YR 39/576,#ED8B45,"(237, 139, 69)"
86YR 49/493,#F5A265,"(245, 162, 101)"
Marmalade Preserve,#FFAE62,"(255, 174, 98)"
Marigold Cheer,#FFBE7A,"(255, 190, 122)"
Peach Posset,#FED6AB,"(254, 214, 171)"
11YY 79/170,#FAE0C3,"(250, 224, 195)"
01YY 36/694,#EB8621,"(235, 134, 33)"
85YR 38/700,#F18517,"(241, 133, 23)"
96YR 46/632,#F79A38,"(247, 154, 56)"
97YR 54/511,#FCAE63,"(252, 174, 99)"
Golden Egg,#FDC582,"(253, 197, 130)"
Custard Cream,#FAD9AF,"(250, 217, 175)"
30YY 81/123,#F3E5CE,"(243, 229, 206)"
90YR 31/605,#D77E29,"(215, 126, 41)"
90YR 34/561,#DD883A,"(221, 136, 58)"
90YR 41/472,#E29859,"(226, 152, 89)"
90YR 46/346,#E0A678,"(224, 166, 120)"
99YR 61/205,#E7C4A6,"(231, 196, 166)"
10YY 78/188,#F9DBBD,"(249, 219, 189)"
08YY 83/117,#FAE7D3,"(250, 231, 211)"
90YR 19/487,#AE6830,"(174, 104, 48)"
90YR 34/468,#D48B4C,"(212, 139, 76)"
00YY 41/475,#E09851,"(224, 152, 81)"
00YY 49/387,#E6A96F,"(230, 169, 111)"
09YY 59/325,#EEBF8B,"(238, 191, 139)"
11YY 68/269,#F6CEA2,"(246, 206, 162)"
10YY 74/192,#F6D8B8,"(246, 216, 184)"
10YY 09/200,#6B5137,"(107, 81, 55)"
93YR 22/305,#A17247,"(161, 114, 71)"
94YR 40/219,#C49F80,"(196, 159, 128)"
98YR 53/235,#DDB694,"(221, 182, 148)"
10YY 72/200,#F5D6B5,"(245, 214, 181)"
11YY 78/136,#F6E0C9,"(246, 224, 201)"
Peach Souffle,#F4E8DA,"(244, 232, 218)"
00YY 18/346,#986735,"(152, 103, 53)"
Peanut Butter,#BF8E63,"(191, 142, 99)"
Gingernut Crumb,#D09D6E,"(208, 157, 110)"
Muted Amber,#E3B383,"(227, 179, 131)"
10YY 65/285,#F2C89B,"(242, 200, 155)"
10YY 72/172,#F1D6BA,"(241, 214, 186)"
17YY 79/105,#F1E1CF,"(241, 225, 207)"
00YY 12/279,#7F5832,"(127, 88, 50)"
Treasure Chest,#9E7043,"(158, 112, 67)"
10YY 38/316,#C59967,"(197, 153, 103)"
Poached Peach,#E6B580,"(230, 181, 128)"
10YY 58/295,#E9BD8E,"(233, 189, 142)"
17YY 68/203,#EDD0AE,"(237, 208, 174)"
10YY 77/125,#F3DEC8,"(243, 222, 200)"
00YY 15/371,#956133,"(149, 97, 51)"
99YR 23/456,#AF7026,"(175, 112, 38)"
04YY 39/480,#D9974C,"(217, 151, 76)"
09YY 45/402,#DDA667,"(221, 166, 103)"
14YY 63/272,#EFC89B,"(239, 200, 155)"
10YY 69/130,#E8D3BD,"(232, 211, 189)"
10YY 83/071,#F4E8DA,"(244, 232, 218)"
10YY 12/300,#825E39,"(130, 94, 57)"
10YY 21/500,#B0752D,"(176, 117, 45)"
10YY 35/543,#D19038,"(209, 144, 56)"
Safari Spice,#E2AD72,"(226, 173, 114)"
20YY 65/285,#EFC898,"(239, 200, 152)"
20YY 67/216,#EED0AC,"(238, 208, 172)"
24YY 82/118,#F6E5D0,"(246, 229, 208)"
00YY 26/520,#C27B2E,"(194, 123, 46)"
04YY 39/638,#E3901A,"(227, 144, 26)"
10YY 46/515,#E8A553,"(232, 165, 83)"
10YY 50/469,#EBAE62,"(235, 174, 98)"
25YY 57/441,#F3BA6F,"(243, 186, 111)"
19YY 71/323,#FDD29B,"(253, 210, 155)"
22YY 80/211,#FEE1BC,"(254, 225, 188)"
00YY 19/464,#A96B2B,"(169, 107, 43)"
00YY 28/650,#CE8121,"(206, 129, 33)"
05YY 42/727,#F3951B,"(243, 149, 27)"
09YY 57/689,#FFAF3E,"(255, 175, 62)"
Buried Treasure,#F7B260,"(247, 178, 96)"
27YY 78/255,#FADBAF,"(250, 219, 175)"
20YY 78/146,#F5DFC4,"(245, 223, 196)"
00YY 23/557,#C07722,"(192, 119, 34)"
00YY 34/562,#D88A30,"(216, 138, 48)"
06YY 49/797,#FFA405,"(255, 164, 5)"
25YY 50/592,#F1AA4A,"(241, 170, 74)"
12YY 61/523,#FDBA61,"(253, 186, 97)"
11YY 70/356,#FFCF95,"(255, 207, 149)"
Cocoa Butter,#FBDCB1,"(251, 220, 177)"
10YY 27/600,#C88326,"(200, 131, 38)"
11YY 38/694,#E19000,"(225, 144, 0)"
19YY 51/758,#FEAB13,"(254, 171, 19)"
14YY 57/556,#FBB758,"(251, 183, 88)"
25YY 70/365,#FFD090,"(255, 208, 144)"
22YY 80/211,#FEE1BC,"(254, 225, 188)"
25YY 83/103,#F5E6D1,"(245, 230, 209)"
10YY 30/560,#C88626,"(200, 134, 38)"
10YY 40/608,#E39931,"(227, 153, 49)"
05YY 52/658,#FEA93A,"(254, 169, 58)"
13YY 60/475,#FBBD71,"(251, 189, 113)"
25YY 62/353,#F1C184,"(241, 193, 132)"
25YY 79/240,#FBDCAE,"(251, 220, 174)"
34YY 81/209,#FBE3BD,"(251, 227, 189)"
20YY 26/490,#B5812E,"(181, 129, 46)"
20YY 34/700,#D79413,"(215, 148, 19)"
21YY 60/577,#FCBB58,"(252, 187, 88)"
30YY 70/455,#FFCE7D,"(255, 206, 125)"
33YY 74/360,#FFD997,"(255, 217, 151)"
35YY 78/269,#FADEAA,"(250, 222, 170)"
25YY 81/177,#F5E1BE,"(245, 225, 190)"
20YY 12/263,#765935,"(118, 89, 53)"
10YY 23/261,#9C7851,"(156, 120, 81)"
15YY 37/276,#BF9B6E,"(191, 155, 110)"
15YY 49/288,#D8B081,"(216, 176, 129)"
20YY 64/171,#E5CDAF,"(229, 205, 175)"
20YY 70/138,#E8D4BC,"(232, 212, 188)"
30YY 80/088,#F0E3D2,"(240, 227, 210)"
30YY 23/246,#967D54,"(150, 125, 84)"
30YY 35/249,#B4986D,"(180, 152, 109)"
Drum Hide,#CDB288,"(205, 178, 136)"
36YY 59/230,#DBC399,"(219, 195, 153)"
40YY 67/196,#E4D0AB,"(228, 208, 171)"
39YY 74/175,#EDDAB9,"(237, 218, 185)"
44YY 87/118,#F6EBD3,"(246, 235, 211)"
30YY 21/438,#9E782E,"(158, 120, 46)"
Cherished Gold,#C19659,"(193, 150, 89)"
21YY 45/405,#D7A762,"(215, 167, 98)"
30YY 64/331,#F0CB90,"(240, 203, 144)"
Straw Bale,#ECD5AF,"(236, 213, 175)"
40YY 83/150,#F7E6CA,"(247, 230, 202)"
25YY 85/108,#F4E7CE,"(244, 231, 206)"
10YY 26/321,#AB804F,"(171, 128, 79)"
24YY 39/319,#C39E67,"(195, 158, 103)"
20YY 51/306,#DCB481,"(220, 180, 129)"
30YY 63/231,#E6CAA1,"(230, 202, 161)"
Rope Knot,#E4CAA7,"(228, 202, 167)"
30YY 75/145,#F0DEC2,"(240, 222, 194)"
42YY 87/084,#F5EBD9,"(245, 235, 217)"
20YY 23/525,#B37F28,"(179, 127, 40)"
Ochre Glow,#CA9A51,"(202, 154, 81)"
Caramel Crunch,#D7A762,"(215, 167, 98)"
26YY 52/359,#DFB778,"(223, 183, 120)"
Butterscotch Syrup,#EBC68E,"(235, 198, 142)"
30YY 77/169,#F4DDBE,"(244, 221, 190)"
Cream Rose,#FAEBD1,"(250, 235, 209)"
20YY 32/494,#C38D38,"(195, 141, 56)"
20YY 46/515,#E5AA53,"(229, 170, 83)"
23YY 53/490,#EAB45D,"(234, 180, 93)"
35YY 61/431,#EFC076,"(239, 192, 118)"
30YY 69/216,#EFD5AE,"(239, 213, 174)"
40YY 83/129,#F6E7CD,"(246, 231, 205)"
52YY 89/117,#F7ECD5,"(247, 236, 213)"
20YY 27/426,#AF8136,"(175, 129, 54)"
25YY 38/510,#CB983B,"(203, 152, 59)"
23YY 44/541,#DCA440,"(220, 164, 64)"
California Days,#F4C272,"(244, 194, 114)"
Buttered Corn,#FEDFA1,"(254, 223, 161)"
45YY 83/250,#FCE5B4,"(252, 229, 180)"
50YY 83/171,#F6E5C3,"(246, 229, 195)"
25YY 49/757,#F8AF1C,"(248, 175, 28)"
23YY 62/816,#FFBA1F,"(255, 186, 31)"
22YY 59/694,#FFBA35,"(255, 186, 53)"
33YY 69/519,#FFCF6E,"(255, 207, 110)"
34YY 71/404,#FBD388,"(251, 211, 136)"
38YY 81/256,#FADEAE,"(250, 222, 174)"
39YY 85/156,#F5E5C7,"(245, 229, 199)"
20YY 28/613,#C88A28,"(200, 138, 40)"
20YY 40/608,#DD9C2C,"(221, 156, 44)"
Sun Flare,#FBB847,"(251, 184, 71)"
Banana Split,#FFCF73,"(255, 207, 115)"
37YY 78/312,#FADAA1,"(250, 218, 161)"
40YY 77/267,#F9DFAD,"(249, 223, 173)"
34YY 76/174,#F2DEBE,"(242, 222, 190)"
24YY 28/384,#AC833F,"(172, 131, 63)"
30YY 33/613,#C89319,"(200, 147, 25)"
30YY 46/608,#E2AC39,"(226, 172, 57)"
35YY 59/533,#F1BC59,"(241, 188, 89)"
39YY 71/413,#FAD587,"(250, 213, 135)"
43YY 74/339,#F7DA99,"(247, 218, 153)"
50YY 80/242,#F8E1B2,"(248, 225, 178)"
Mustard Blanket,#B89441,"(184, 148, 65)"
40YY 41/603,#CEA127,"(206, 161, 39)"
40YY 49/546,#DEB349,"(222, 179, 73)"
45YY 66/512,#F6CF6C,"(246, 207, 108)"
45YY 71/426,#F8D483,"(248, 212, 131)"
Vanilla Sundae,#FBE5AD,"(251, 229, 173)"
58YY 88/180,#F7E9C5,"(247, 233, 197)"
34YY 31/502,#B68D2C,"(182, 141, 44)"
Golden Sands,#D7B468,"(215, 180, 104)"
45YY 61/368,#E6C780,"(230, 199, 128)"
45YY 65/334,#E8CC8D,"(232, 204, 141)"
50YY 75/254,#F2DCAA,"(242, 220, 170)"
40YY 75/216,#F3DCB4,"(243, 220, 180)"
45YY 83/156,#F8E8C9,"(248, 232, 201)"
44YY 23/330,#937B3C,"(147, 123, 60)"
37YY 39/443,#C39E4B,"(195, 158, 75)"
Harvest Dusk,#D4B773,"(212, 183, 115)"
Honey Nut,#D6BB82,"(214, 187, 130)"
Almond Butter,#E2CD9E,"(226, 205, 158)"
50YY 77/173,#F0E1BF,"(240, 225, 191)"
65YY 89/088,#F6F1DE,"(246, 241, 222)"
30YY 41/700,#DBA000,"(219, 160, 0)"
34YY 55/802,#F5B700,"(245, 183, 0)"
34YY 61/672,#F9C13B,"(249, 193, 59)"
40YY 69/666,#FFD04A,"(255, 208, 74)"
43YY 71/540,#FED56A,"(254, 213, 106)"
51YY 78/444,#FEE089,"(254, 224, 137)"
52YY 83/223,#F9E8BC,"(249, 232, 188)"
37YY 38/594,#C99C1D,"(201, 156, 29)"
39YY 52/691,#E7B523,"(231, 181, 35)"
40YY 58/565,#EBBD51,"(235, 189, 81)"
43YY 69/543,#F8CD6A,"(248, 205, 106)"
45YY 77/424,#FFDC8C,"(255, 220, 140)"
48YY 80/346,#FEE39F,"(254, 227, 159)"
64YY 84/180,#F4EAC6,"(244, 234, 198)"
40YY 46/587,#DAA937,"(218, 169, 55)"
34YY 55/802,#F5B700,"(245, 183, 0)"
42YY 64/745,#F7C631,"(247, 198, 49)"
45YY 65/710,#FACA35,"(250, 202, 53)"
43YY 65/687,#FBCB3B,"(251, 203, 59)"
45YY 73/519,#FFD571,"(255, 213, 113)"
53YY 83/348,#FDE39F,"(253, 227, 159)"
37YY 61/867,#FFC100,"(255, 193, 0)"
40YY 64/903,#FFC700,"(255, 199, 0)"
45YY 62/805,#F7C500,"(247, 197, 0)"
52YY 72/661,#FDD84F,"(253, 216, 79)"
48YY 73/573,#FFD967,"(255, 217, 103)"
62YY 83/382,#FCE99C,"(252, 233, 156)"
Citrus Sorbet,#FBEDBA,"(251, 237, 186)"
60YY 48/748,#D9B500,"(217, 181, 0)"
60YY 62/755,#ECC722,"(236, 199, 34)"
51YY 61/792,#EFC900,"(239, 201, 0)"
54YY 69/747,#F8D02E,"(248, 208, 46)"
Sulphur Sunrise,#FCE462,"(252, 228, 98)"
60YY 79/367,#F7DF96,"(247, 223, 150)"
66YY 85/231,#F7EBBD,"(247, 235, 189)"
50YY 37/519,#BC9E36,"(188, 158, 54)"
Citrus Zing,#DAB955,"(218, 185, 85)"
50YY 60/538,#EBC65D,"(235, 198, 93)"
50YY 65/454,#EFD077,"(239, 208, 119)"
49YY 69/406,#F2D486,"(242, 212, 134)"
60YY 77/332,#F3DE9C,"(243, 222, 156)"
60YY 83/156,#F4E7C8,"(244, 231, 200)"
60YY 28/443,#9F8B33,"(159, 139, 51)"
60YY 47/608,#CBB132,"(203, 177, 50)"
Sweet Citrus,#D9C15B,"(217, 193, 91)"
Lemon Punch,#EECD40,"(238, 205, 64)"
65YY 70/540,#ECD96A,"(236, 217, 106)"
70YY 79/407,#F4E291,"(244, 226, 145)"
66YY 83/272,#F7EAB3,"(247, 234, 179)"
60YY 34/461,#B0993F,"(176, 153, 63)"
60YY 39/654,#C4A91B,"(196, 169, 27)"
50YY 53/687,#E0BA25,"(224, 186, 37)"
60YY 69/583,#F3D15B,"(243, 209, 91)"
60YY 71/409,#EFD886,"(239, 216, 134)"
60YY 80/288,#F6E2A9,"(246, 226, 169)"
60YY 83/187,#F4E6C0,"(244, 230, 192)"
62YY 27/282,#978953,"(151, 137, 83)"
70YY 37/296,#AEA26B,"(174, 162, 107)"
70YY 55/299,#CDC387,"(205, 195, 135)"
70YY 66/265,#DED29C,"(222, 210, 156)"
70YY 70/209,#E2D8AE,"(226, 216, 174)"
70YY 75/124,#E6DEC4,"(230, 222, 196)"
90YY 83/107,#EDE9D3,"(237, 233, 211)"
48YY 12/177,#665936,"(102, 89, 54)"
53YY 26/275,#968550,"(150, 133, 80)"
49YY 46/310,#C4AE73,"(196, 174, 115)"
49YY 54/251,#D1BE8E,"(209, 190, 142)"
50YY 62/309,#E2CB8F,"(226, 203, 143)"
60YY 72/225,#E8D8AC,"(232, 216, 172)"
70YY 83/150,#F2E8C9,"(242, 232, 201)"
70YY 21/335,#867B3D,"(134, 123, 61)"
61YY 39/443,#B7A44B,"(183, 164, 75)"
70YY 50/383,#C9B96D,"(201, 185, 109)"
Fresh Stem,#DCCE8D,"(220, 206, 141)"
70YY 73/288,#EDDDA2,"(237, 221, 162)"
63YY 79/219,#F1E4B8,"(241, 228, 184)"
87YY 85/110,#EEEDD5,"(238, 237, 213)"
68YY 16/179,#6F6845,"(111, 104, 69)"
Mountain Moss,#968A3B,"(150, 138, 59)"
64YY 38/505,#B3A236,"(179, 162, 54)"
67YY 51/608,#CCBC37,"(204, 188, 55)"
65YY 68/572,#ECD461,"(236, 212, 97)"
65YY 72/399,#ECDB8B,"(236, 219, 139)"
68YY 83/339,#F7EAA5,"(247, 234, 165)"
65YY 27/444,#9A8B30,"(154, 139, 48)"
70YY 53/638,#CFBF3B,"(207, 191, 59)"
63YY 53/710,#D5BF19,"(213, 191, 25)"
Sicilian Lime,#DFCD45,"(223, 205, 69)"
70YY 66/510,#E8D36D,"(232, 211, 109)"
80YY 75/423,#E8E38C,"(232, 227, 140)"
85YY 86/166,#F1EFCC,"(241, 239, 204)"
76YY 39/616,#ACA90C,"(172, 169, 12)"
77YY 47/629,#BCB928,"(188, 185, 40)"
77YY 52/604,#C6C13B,"(198, 193, 59)"
75YY 55/509,#CCC45A,"(204, 196, 90)"
82YY 74/446,#E4E184,"(228, 225, 132)"
Celery Leaf,#E6E7A3,"(230, 231, 163)"
91YY 82/235,#EAEBBA,"(234, 235, 186)"
Rainforest Canopy,#888C29,"(136, 140, 41)"
91YY 40/628,#A2AF1D,"(162, 175, 29)"
92YY 46/608,#AFBB34,"(175, 187, 52)"
93YY 52/598,#B9C546,"(185, 197, 70)"
89YY 62/494,#D2D36F,"(210, 211, 111)"
90YY 69/419,#DDDA87,"(221, 218, 135)"
86YY 77/295,#E8E3A8,"(232, 227, 168)"
91YY 23/374,#7D8234,"(125, 130, 52)"
Venus Flytrap,#A4A93A,"(164, 169, 58)"
92YY 51/593,#BAC348,"(186, 195, 72)"
92YY 59/547,#C5CF5A,"(197, 207, 90)"
88YY 66/447,#D8D87C,"(216, 216, 124)"
92YY 69/401,#D7DC88,"(215, 220, 136)"
Tea Tree,#EAEBBA,"(234, 235, 186)"
77YY 19/297,#787336,"(120, 115, 54)"
76YY 27/439,#908B2C,"(144, 139, 44)"
90YY 48/500,#B9BB58,"(185, 187, 88)"
90YY 58/424,#C9CC75,"(201, 204, 117)"
88YY 71/380,#E0DD90,"(224, 221, 144)"
89YY 78/269,#E8E5AE,"(232, 229, 174)"
Alpine Flowers,#EAE7C1,"(234, 231, 193)"
90YY 15/279,#6C6B3E,"(108, 107, 62)"
Sea Nettle,#8A8B54,"(138, 139, 84)"
95YY 39/329,#A4A967,"(164, 169, 103)"
90YY 54/254,#C2C28F,"(194, 194, 143)"
Melon Sorbet,#D0CD98,"(208, 205, 152)"
90YY 83/179,#EDE9C5,"(237, 233, 197)"
85YY 89/109,#F3F2DA,"(243, 242, 218)"
90YY 07/093,#484737,"(72, 71, 55)"
Wild Cactus,#636040,"(99, 96, 64)"
79YY 27/188,#8D8964,"(141, 137, 100)"
Dried Sage,#A29F7F,"(162, 159, 127)"
Fresh Artichoke,#C1BEA2,"(193, 190, 162)"
90YY 67/117,#D7D4BB,"(215, 212, 187)"
Beach Grass,#DEDCC1,"(222, 220, 193)"
10GY 14/135,#63664F,"(99, 102, 79)"
Guild Green,#777B5B,"(119, 123, 91)"
10GY 29/158,#8D9275,"(141, 146, 117)"
Fragrant Herb,#A3A78D,"(163, 167, 141)"
13GY 52/120,#B9BFA7,"(185, 191, 167)"
19GY 65/110,#CED4BE,"(206, 212, 190)"
00GY 80/069,#E6E7D8,"(230, 231, 216)"
14GY 12/129,#565C43,"(86, 92, 67)"
18GY 18/160,#687152,"(104, 113, 82)"
08GY 26/190,#838A65,"(131, 138, 101)"
08GY 36/175,#9AA07D,"(154, 160, 125)"
96YY 53/200,#BEC198,"(190, 193, 152)"
Pistachio Creme,#D5D6B5,"(213, 214, 181)"
99YY 82/124,#E8EAD0,"(232, 234, 208)"
87YY 13/208,#5D5D32,"(93, 93, 50)"
90YY 21/371,#7E7F3A,"(126, 127, 58)"
90YY 35/304,#A09E64,"(160, 158, 100)"
90YY 48/255,#BBB786,"(187, 183, 134)"
90YY 72/225,#E1DBAE,"(225, 219, 174)"
90YY 83/143,#EDECCD,"(237, 236, 205)"
Lime Soda,#F3F2DA,"(243, 242, 218)"
30GY 09/171,#465439,"(70, 84, 57)"
10GY 21/375,#72813A,"(114, 129, 58)"
10GY 40/296,#A3AC74,"(163, 172, 116)"
10GY 54/238,#B7C292,"(183, 194, 146)"
10GY 71/180,#D9DCB8,"(217, 220, 184)"
Soft Apple,#E6EACB,"(230, 234, 203)"
10GY 83/100,#E7E7D1,"(231, 231, 209)"
42GY 09/205,#435736,"(67, 87, 54)"
21GY 28/472,#749639,"(116, 150, 57)"
20GY 39/466,#8EAF54,"(142, 175, 84)"
10GY 41/600,#98B33E,"(152, 179, 62)"
10GY 52/541,#AFC657,"(175, 198, 87)"
10GY 74/325,#D6E0A0,"(214, 224, 160)"
10GY 79/231,#DFE6B7,"(223, 230, 183)"
30GY 16/343,#5B7638,"(91, 118, 56)"
21GY 25/379,#728C42,"(114, 140, 66)"
20GY 37/537,#86AD3D,"(134, 173, 61)"
16GY 54/615,#A2CA48,"(162, 202, 72)"
Kiwi Crush,#BDD176,"(189, 209, 118)"
Lime Jelly,#DEECAA,"(222, 236, 170)"
10GY 86/138,#EAF0D3,"(234, 240, 211)"
Vine Leaf,#3B6035,"(59, 96, 53)"
40GY 18/372,#517933,"(81, 121, 51)"
Grasshopper Green,#95C268,"(149, 194, 104)"
30GY 58/375,#B2CF89,"(178, 207, 137)"
30GY 62/344,#B9D594,"(185, 213, 148)"
26GY 68/322,#C5DE9E,"(197, 222, 158)"
Spring Glow,#DFEBC1,"(223, 235, 193)"
43GY 24/566,#569532,"(86, 149, 50)"
Parrots Plume,#71A63F,"(113, 166, 63)"
30GY 40/531,#86B34F,"(134, 179, 79)"
32GY 51/432,#A1C777,"(161, 199, 119)"
30GY 75/251,#D4E6B6,"(212, 230, 182)"
30GY 83/150,#E3ECCE,"(227, 236, 206)"
24GY 85/110,#E9EED7,"(233, 238, 215)"
50GY 15/289,#527143,"(82, 113, 67)"
30GY 21/429,#648637,"(100, 134, 55)"
18GY 38/328,#95A969,"(149, 169, 105)"
30GY 51/294,#AAC089,"(170, 192, 137)"
30GY 61/245,#BFD1A3,"(191, 209, 163)"
30GY 72/196,#D2E0BB,"(210, 224, 187)"
30GY 83/107,#E5EBD5,"(229, 235, 213)"
30GY 12/257,#506436,"(80, 100, 54)"
30GY 19/323,#647D43,"(100, 125, 67)"
16GY 28/295,#809158,"(128, 145, 88)"
30GY 34/249,#919F72,"(145, 159, 114)"
30GY 50/183,#AFBE9B,"(175, 190, 155)"
22GY 70/140,#D2DCBF,"(210, 220, 191)"
14GY 76/113,#DDE3CB,"(221, 227, 203)"
30GY 15/242,#5B6C42,"(91, 108, 66)"
30GY 23/232,#75845D,"(117, 132, 93)"
30GY 31/202,#8B9973,"(139, 153, 115)"
30GY 41/173,#A2AE8E,"(162, 174, 142)"
30GY 62/159,#C4CFB0,"(196, 207, 176)"
30GY 75/105,#D9E1CC,"(217, 225, 204)"
30GY 83/064,#E6EADD,"(230, 234, 221)"
Forest Shade,#57624D,"(87, 98, 77)"
50GY 26/155,#7C8D74,"(124, 141, 116)"
50GY 43/120,#A5B29C,"(165, 178, 156)"
Common Land,#BCC7B5,"(188, 199, 181)"
50GY 65/084,#C9D3C3,"(201, 211, 195)"
50GY 74/073,#D7DFD1,"(215, 223, 209)"
50GY 83/040,#E5E9DF,"(229, 233, 223)"
50GY 18/178,#65775B,"(101, 119, 91)"
50GY 23/280,#6C895B,"(108, 137, 91)"
50GY 44/248,#9BB68C,"(155, 182, 140)"
50GY 55/207,#B3CAA6,"(179, 202, 166)"
50GY 66/111,#C8D6C1,"(200, 214, 193)"
50GY 75/122,#D5E2CB,"(213, 226, 203)"
50GY 83/060,#E3EBDD,"(227, 235, 221)"
62GY 18/260,#52774D,"(82, 119, 77)"
46GY 21/423,#518439,"(81, 132, 57)"
50GY 37/335,#87AC72,"(135, 172, 114)"
50GY 52/263,#A5C295,"(165, 194, 149)"
50GY 70/192,#C6DEBB,"(198, 222, 187)"
45GY 83/149,#DDEED2,"(221, 238, 210)"
Fresh Aloe,#E3F0DD,"(227, 240, 221)"
61GY 12/190,#496343,"(73, 99, 67)"
50GY 16/383,#497839,"(73, 120, 57)"
38GY 26/456,#61933A,"(97, 147, 58)"
50GY 39/536,#74B559,"(116, 181, 89)"
Leap Frog,#97CD87,"(151, 205, 135)"
50GY 70/259,#C1E1B2,"(193, 225, 178)"
39GY 77/179,#D6E8C6,"(214, 232, 198)"
80GY 11/195,#3A5F42,"(58, 95, 66)"
70GY 11/387,#266A34,"(38, 106, 52)"
Lush Grass,#2E8F3D,"(46, 143, 61)"
Poison Ivy,#72B671,"(114, 182, 113)"
50GY 51/437,#93C87B,"(147, 200, 123)"
Cucumber Water,#BDE0A9,"(189, 224, 169)"
50GY 77/195,#D2E7C3,"(210, 231, 195)"
70GY 11/300,#346437,"(52, 100, 55)"
59GY 20/482,#368631,"(54, 134, 49)"
77GY 33/506,#46AC5F,"(70, 172, 95)"
69GY 47/391,#83C385,"(131, 195, 133)"
71GY 59/307,#A1D3A2,"(161, 211, 162)"
71GY 65/301,#ABDDAC,"(171, 221, 172)"
70GY 74/173,#C8E3C6,"(200, 227, 198)"
97GY 07/135,#385142,"(56, 81, 66)"
70GY 13/324,#3C6E3E,"(60, 110, 62)"
57GY 28/292,#6D9464,"(109, 148, 100)"
70GY 38/330,#7EB17E,"(126, 177, 126)"
73GY 56/241,#A5CEA7,"(165, 206, 167)"
70GY 66/200,#BAD9B8,"(186, 217, 184)"
70GY 74/149,#CCE3C9,"(204, 227, 201)"
50GY 08/153,#3E4E39,"(62, 78, 57)"
70GY 14/187,#536C51,"(83, 108, 81)"
70GY 27/154,#7C927A,"(124, 146, 122)"
Dewy Lawn,#A7B9A5,"(167, 185, 165)"
70GY 63/098,#C4D2C0,"(196, 210, 192)"
70GY 73/074,#D3DECF,"(211, 222, 207)"
70GY 83/060,#E2ECE0,"(226, 236, 224)"
70GY 10/136,#495A47,"(73, 90, 71)"
90GY 16/151,#57725E,"(87, 114, 94)"
90GY 29/121,#7F9584,"(127, 149, 132)"
79GY 36/106,#91A392,"(145, 163, 146)"
90GY 64/072,#C5D4C8,"(197, 212, 200)"
90GY 73/059,#D2DED4,"(210, 222, 212)"
90GY 83/033,#E5EBE4,"(229, 235, 228)"
01GG 07/070,#2D3D33,"(45, 61, 51)"
Everglade Forest,#304B38,"(48, 75, 56)"
82GY 19/152,#5D7861,"(93, 120, 97)"
83GY 33/173,#7E9E84,"(126, 158, 132)"
79GY 57/120,#B5CAB6,"(181, 202, 182)"
82GY 75/111,#D0E4D2,"(208, 228, 210)"
70GY 83/080,#E0ECDD,"(224, 236, 221)"
90GY 08/187,#32523D,"(50, 82, 61)"
81GY 15/202,#496E51,"(73, 110, 81)"
70GY 30/254,#779B74,"(119, 155, 116)"
70GY 49/201,#A1C09F,"(161, 192, 159)"
70GY 65/166,#BDD7BB,"(189, 215, 187)"
70GY 73/124,#CFE2CD,"(207, 226, 205)"
70GY 83/100,#DEEDD9,"(222, 237, 217)"
85GY 10/193,#32583D,"(50, 88, 61)"
90GY 16/354,#34794D,"(52, 121, 77)"
90GY 21/472,#238E52,"(35, 142, 82)"
90GY 33/408,#57A972,"(87, 169, 114)"
90GY 47/328,#80C194,"(128, 193, 148)"
90GY 70/221,#B7E2C3,"(183, 226, 195)"
90GY 83/104,#D8EFDC,"(216, 239, 220)"
80GY 12/245,#33643E,"(51, 100, 62)"
Fresh Pine,#23693B,"(35, 105, 59)"
06GG 19/406,#008356,"(0, 131, 86)"
90GY 36/453,#51B074,"(81, 176, 116)"
90GY 54/334,#8BCEA0,"(139, 206, 160)"
90GY 65/275,#A6DEB7,"(166, 222, 183)"
90GY 76/158,#C8E6CE,"(200, 230, 206)"
06GG 12/304,#086845,"(8, 104, 69)"
10GG 23/485,#009461,"(0, 148, 97)"
10GG 33/483,#1CAD78,"(28, 173, 120)"
10GG 44/395,#5FC094,"(95, 192, 148)"
10GG 57/307,#8AD3AF,"(138, 211, 175)"
10GG 72/219,#B4E5CA,"(180, 229, 202)"
10GG 76/153,#C7E8D4,"(199, 232, 212)"
12GG 10/310,#025E42,"(2, 94, 66)"
10GG 15/346,#207856,"(32, 120, 86)"
02GG 21/542,#008C5D,"(0, 140, 93)"
10GG 33/404,#41AA7D,"(65, 170, 125)"
10GG 49/300,#83C7A5,"(131, 199, 165)"
01GG 59/285,#97D5B1,"(151, 213, 177)"
10GG 83/125,#D2EDDB,"(210, 237, 219)"
07GG 08/244,#19563E,"(25, 86, 62)"
10GG 17/239,#41795F,"(65, 121, 95)"
90GY 28/319,#5B9A70,"(91, 154, 112)"
90GY 35/238,#7AA888,"(122, 168, 136)"
90GY 48/234,#93C1A1,"(147, 193, 161)"
90GY 67/146,#BEDAC4,"(190, 218, 196)"
90GY 83/098,#DAEDDC,"(218, 237, 220)"
25GG 07/188,#164B3C,"(22, 75, 60)"
30GG 16/137,#517367,"(81, 115, 103)"
11GG 26/195,#64907A,"(100, 144, 122)"
10GG 39/152,#8CAC9B,"(140, 172, 155)"
10GG 51/125,#A5C1B2,"(165, 193, 178)"
10GG 66/098,#C0D7C8,"(192, 215, 200)"
10GG 83/071,#DDEBDF,"(221, 235, 223)"
61GG 08/119,#1C4741,"(28, 71, 65)"
51GG 12/132,#3C6158,"(60, 97, 88)"
26GG 19/130,#59796C,"(89, 121, 108)"
17GG 40/107,#94ACA0,"(148, 172, 160)"
15GG 53/086,#AFC3B9,"(175, 195, 185)"
77GY 68/066,#CDD8CD,"(205, 216, 205)"
30GG 83/025,#E5EAE5,"(229, 234, 229)"
Pine Needle,#2A493F,"(42, 73, 63)"
28GG 08/229,#105444,"(16, 84, 68)"
30GG 29/196,#669887,"(102, 152, 135)"
30GG 47/180,#8CBCAB,"(140, 188, 171)"
30GG 60/143,#A9D0C1,"(169, 208, 193)"
30GG 75/095,#C9E1D5,"(201, 225, 213)"
30GG 83/075,#DBEEE5,"(219, 238, 229)"
30GG 10/225,#1C5C4A,"(28, 92, 74)"
30GG 19/370,#008466,"(0, 132, 102)"
30GG 33/275,#5DA78F,"(93, 167, 143)"
30GG 49/211,#8BC2AE,"(139, 194, 174)"
30GG 61/168,#ABD5C5,"(171, 213, 197)"
30GG 75/111,#C4E3D6,"(196, 227, 214)"
34GG 81/080,#D7EBE3,"(215, 235, 227)"
30GG 16/394,#007C5C,"(0, 124, 92)"
30GG 18/450,#008763,"(0, 135, 99)"
21GG 28/387,#269D78,"(38, 157, 120)"
30GG 40/290,#65B59A,"(101, 181, 154)"
30GG 57/217,#95CFBA,"(149, 207, 186)"
Peppermint Rock,#BDE8DA,"(189, 232, 218)"
30GG 83/088,#D9EDE3,"(217, 237, 227)"
Forest Festival,#03664F,"(3, 102, 79)"
30GG 21/423,#008E6B,"(0, 142, 107)"
30GG 37/423,#31B592,"(49, 181, 146)"
30GG 55/302,#80D2B6,"(128, 210, 182)"
30GG 72/212,#ACE3CD,"(172, 227, 205)"
30GG 76/127,#C4E6D7,"(196, 230, 215)"
30GG 83/100,#D2EBDE,"(210, 235, 222)"
44GG 12/299,#006755,"(0, 103, 85)"
Turquoise Jewel,#00836E,"(0, 131, 110)"
46GG 31/446,#00AA8F,"(0, 170, 143)"
53GG 50/360,#50C7B3,"(80, 199, 179)"
56GG 64/258,#90DDCD,"(144, 221, 205)"
50GG 71/180,#B2E5D8,"(178, 229, 216)"
50GG 82/115,#CFEDE3,"(207, 237, 227)"
42GG 08/250,#005345,"(0, 83, 69)"
48GG 19/309,#007F6E,"(0, 127, 110)"
Finest Turquoise,#009E82,"(0, 158, 130)"
Weathered Copper,#57B5A2,"(87, 181, 162)"
47GG 57/246,#8ED3C2,"(142, 211, 194)"
41GG 67/162,#B1DCCF,"(177, 220, 207)"
60GG 79/056,#D8E8E3,"(216, 232, 227)"
50GG 09/189,#1F564C,"(31, 86, 76)"
Emerald Glade,#2F7769,"(47, 119, 105)"
50GG 28/273,#4B9C8C,"(75, 156, 140)"
55GG 46/244,#78BEB1,"(120, 190, 177)"
50GG 61/154,#AAD4C8,"(170, 212, 200)"
50GG 69/134,#B9DED3,"(185, 222, 211)"
Alpine Forest,#D6EAE2,"(214, 234, 226)"
80GG 09/164,#10514E,"(16, 81, 78)"
70GG 09/223,#005D56,"(0, 93, 86)"
60GG 22/204,#48877D,"(72, 135, 125)"
77GG 46/139,#90B9B5,"(144, 185, 181)"
79GG 53/131,#A0C6C2,"(160, 198, 194)"
90GG 74/092,#C8E2DF,"(200, 226, 223)"
75GG 77/065,#D2E6E2,"(210, 230, 226)"
71GG 07/179,#004641,"(0, 70, 65)"
Fortune Green,#007067,"(0, 112, 103)"
78GG 21/381,#008C86,"(0, 140, 134)"
70GG 39/303,#55B7AC,"(85, 183, 172)"
70GG 60/251,#8BD6CC,"(139, 214, 204)"
56GG 77/156,#BEE9DE,"(190, 233, 222)"
50GG 75/092,#CAE3DB,"(202, 227, 219)"
82GG 12/289,#006663,"(0, 102, 99)"
78GG 19/378,#00837D,"(0, 131, 125)"
79GG 27/362,#009B96,"(0, 155, 150)"
90GG 43/338,#44BFBE,"(68, 191, 190)"
92GG 59/245,#89D6D5,"(137, 214, 213)"
78GG 72/138,#BAE3DF,"(186, 227, 223)"
78GG 79/109,#CBEBE6,"(203, 235, 230)"
90GG 15/398,#007A7A,"(0, 122, 122)"
88GG 32/346,#00A4A6,"(0, 164, 166)"
90GG 38/242,#64B1AF,"(100, 177, 175)"
90GG 51/211,#88C8C6,"(136, 200, 198)"
80GG 63/184,#A1D8D4,"(161, 216, 212)"
79GG 75/125,#C1E6E2,"(193, 230, 226)"
90GG 83/069,#D9EDEA,"(217, 237, 234)"
80GG 12/182,#22625F,"(34, 98, 95)"
80GG 19/231,#2A7C79,"(42, 124, 121)"
90GG 30/195,#609C9B,"(96, 156, 155)"
80GG 39/220,#6DB0AC,"(109, 176, 172)"
90GG 57/146,#A1CCCA,"(161, 204, 202)"
90GG 74/108,#C3E3DF,"(195, 227, 223)"
90GG 83/057,#DDEDEA,"(221, 237, 234)"
80GG 08/135,#154946,"(21, 73, 70)"
78GG 15/104,#4E6C69,"(78, 108, 105)"
75GG 27/095,#76908D,"(118, 144, 141)"
70GG 39/088,#90A8A4,"(144, 168, 164)"
74GG 60/059,#BCCCC9,"(188, 204, 201)"
70GG 72/045,#D1DDD9,"(209, 221, 217)"
45GG 81/022,#E0E6E1,"(224, 230, 225)"
Teal Velvet,#0F4C4B,"(15, 76, 75)"
78GG 19/160,#4B7B78,"(75, 123, 120)"
90GG 28/133,#6C9393,"(108, 147, 147)"
90GG 40/115,#8CADAC,"(140, 173, 172)"
68GG 53/098,#A9C4BF,"(169, 196, 191)"
81GG 67/099,#BDD9D6,"(189, 217, 214)"
95GG 78/054,#D4E4E1,"(212, 228, 225)"
Maldive Dream,#006872,"(0, 104, 114)"
16BG 27/325,#0098A4,"(0, 152, 164)"
10BG 39/244,#63B3B9,"(99, 179, 185)"
10BG 55/223,#89CED2,"(137, 206, 210)"
10BG 63/189,#9FD8DB,"(159, 216, 219)"
13BG 72/151,#B9E3E5,"(185, 227, 229)"
10BG 83/061,#DCEDEC,"(220, 237, 236)"
17BG 08/158,#004C52,"(0, 76, 82)"
01BG 11/248,#005E63,"(0, 94, 99)"
10BG 22/248,#308A91,"(48, 138, 145)"
10BG 39/219,#6AB1B6,"(106, 177, 182)"
10BG 54/199,#90CCD0,"(144, 204, 208)"
10BG 63/143,#ACD6D8,"(172, 214, 216)"
10BG 72/092,#C6E1E1,"(198, 225, 225)"
10BG 13/156,#386A6D,"(56, 106, 109)"
Teal Voyage,#5A8487,"(90, 132, 135)"
10BG 26/134,#699093,"(105, 144, 147)"
10BG 38/119,#88ABAD,"(136, 171, 173)"
10BG 46/112,#98B9BB,"(152, 185, 187)"
Atlas Blue,#B5D3D2,"(181, 211, 210)"
Peppermint Candy,#CEDFDD,"(206, 223, 221)"
30BG 10/111,#39595F,"(57, 89, 95)"
30BG 16/133,#4B7278,"(75, 114, 120)"
30BG 23/124,#62868B,"(98, 134, 139)"
30BG 37/110,#85A6AB,"(133, 166, 171)"
30BG 56/097,#ADC9CC,"(173, 201, 204)"
30BG 64/072,#BDD1D3,"(189, 209, 211)"
30BG 72/051,#D1DEDF,"(209, 222, 223)"
30BG 08/200,#00565F,"(0, 86, 95)"
30BG 14/248,#006E7B,"(0, 110, 123)"
25BG 26/253,#37919D,"(55, 145, 157)"
Tranquil Depths,#62A3AD,"(98, 163, 173)"
Blue View,#88B7BF,"(136, 183, 191)"
Coastal Breeze,#B3D6DC,"(179, 214, 220)"
30BG 72/069,#C9DDDD,"(201, 221, 221)"
30BG 15/322,#007585,"(0, 117, 133)"
30BG 21/301,#008897,"(0, 136, 151)"
30BG 33/269,#49A7B5,"(73, 167, 181)"
33BG 43/240,#6BB7C4,"(107, 183, 196)"
23BG 51/212,#83C5CE,"(131, 197, 206)"
30BG 64/140,#B3D7DB,"(179, 215, 219)"
30BG 72/103,#C4E1E4,"(196, 225, 228)"
31BG 10/240,#005765,"(0, 87, 101)"
16BG 26/318,#0096A2,"(0, 150, 162)"
17BG 36/333,#20ADB8,"(32, 173, 184)"
19BG 45/302,#53BFCB,"(83, 191, 203)"
19BG 61/207,#96D6DD,"(150, 214, 221)"
04BG 71/117,#BEE1E2,"(190, 225, 226)"
12BG 79/065,#D6E8E8,"(214, 232, 232)"
39BG 21/339,#00879E,"(0, 135, 158)"
37BG 26/349,#0095AC,"(0, 149, 172)"
38BG 30/352,#00A1B8,"(0, 161, 184)"
35BG 42/331,#38B9CD,"(56, 185, 205)"
17BG 60/228,#8CD5DC,"(140, 213, 220)"
14BG 67/174,#A8DEE2,"(168, 222, 226)"
30BG 76/107,#C8E6E9,"(200, 230, 233)"
50BG 18/350,#00839D,"(0, 131, 157)"
50BG 30/384,#009FBE,"(0, 159, 190)"
52BG 38/320,#39AFC9,"(57, 175, 201)"
54BG 56/236,#87CEE2,"(135, 206, 226)"
47BG 62/184,#A0D6E3,"(160, 214, 227)"
50BG 74/130,#C1E3EA,"(193, 227, 234)"
Still Water,#C5E4E9,"(197, 228, 233)"
60BG 17/341,#007C9A,"(0, 124, 154)"
56BG 23/355,#008DAC,"(0, 141, 172)"
50BG 41/312,#49B6CE,"(73, 182, 206)"
48BG 54/244,#7FCADB,"(127, 202, 219)"
46BG 63/190,#9FD5E2,"(159, 213, 226)"
Cloudless Sky,#A8DAE5,"(168, 218, 229)"
32BG 72/122,#BEE2E7,"(190, 226, 231)"
Teal Tension,#136777,"(19, 103, 119)"
50BG 20/230,#338193,"(51, 129, 147)"
50BG 30/235,#519BAD,"(81, 155, 173)"
50BG 44/184,#83B8C5,"(131, 184, 197)"
50BG 62/133,#B0D3DB,"(176, 211, 219)"
55BG 74/117,#C3E1E9,"(195, 225, 233)"
50BG 76/079,#D0E4E8,"(208, 228, 232)"
50BG 11/123,#3A5E67,"(58, 94, 103)"
50BG 10/175,#245D6A,"(36, 93, 106)"
50BG 19/144,#547C87,"(84, 124, 135)"
50BG 32/114,#7F9DA5,"(127, 157, 165)"
50BG 44/094,#9AB4BA,"(154, 180, 186)"
Glacial Spring,#CADEE1,"(202, 222, 225)"
43BG 75/043,#D5E1E2,"(213, 225, 226)"
70BG 07/086,#2F454D,"(47, 69, 77)"
84BG 18/143,#537686,"(83, 118, 134)"
Stonewashed Blue,#6794A5,"(103, 148, 165)"
70BG 44/129,#94B5C2,"(148, 181, 194)"
Coastal Grey,#B8C7CC,"(184, 199, 204)"
61BG 68/049,#CBD7DA,"(203, 215, 218)"
74BG 73/042,#D4DEE1,"(212, 222, 225)"
70BG 10/214,#0C5C70,"(12, 92, 112)"
70BG 14/243,#0A6C84,"(10, 108, 132)"
77BG 24/246,#448CA7,"(68, 140, 167)"
70BG 47/182,#8DBDCF,"(141, 189, 207)"
70BG 59/124,#B0CED9,"(176, 206, 217)"
70BG 70/113,#C1DDE7,"(193, 221, 231)"
34BG 79/053,#D8E7E9,"(216, 231, 233)"
70BG 13/300,#006B88,"(0, 107, 136)"
65BG 17/353,#00779B,"(0, 119, 155)"
70BG 24/380,#008FB5,"(0, 143, 181)"
70BG 31/332,#20A1C3,"(32, 161, 195)"
70BG 40/284,#5DB2CF,"(93, 178, 207)"
74BG 61/206,#9FD3E7,"(159, 211, 231)"
70BG 70/131,#BBDDE9,"(187, 221, 233)"
88BG 08/179,#0C4C62,"(12, 76, 98)"
81BG 17/262,#1B7694,"(27, 118, 148)"
70BG 32/238,#599FB7,"(89, 159, 183)"
Nordic Sky,#7DB0C2,"(125, 176, 194)"
70BG 53/164,#9AC5D5,"(154, 197, 213)"
70BG 67/126,#B5D7E2,"(181, 215, 226)"
76BG 72/113,#C4E0EB,"(196, 224, 235)"
Mysterious Teal,#445A66,"(68, 90, 102)"
90BG 17/120,#587381,"(88, 115, 129)"
90BG 31/124,#7D98A6,"(125, 152, 166)"
90BG 42/106,#99AFBC,"(153, 175, 188)"
83BG 55/097,#AFC5D0,"(175, 197, 208)"
85BG 59/064,#BBC9D0,"(187, 201, 208)"
Borrowed Blue,#D1DDE3,"(209, 221, 227)"
81BG 09/241,#00546E,"(0, 84, 110)"
90BG 11/262,#005F7D,"(0, 95, 125)"
Woad Walk,#3A7D9A,"(58, 125, 154)"
Cornflower Bunch,#7CA8BF,"(124, 168, 191)"
90BG 56/125,#ADC8D7,"(173, 200, 215)"
89BG 70/116,#C1DAE6,"(193, 218, 230)"
90BG 72/088,#CBDEE8,"(203, 222, 232)"
15BB 13/261,#106086,"(16, 96, 134)"
90BG 14/337,#007096,"(0, 112, 150)"
90BG 21/302,#1883A7,"(24, 131, 167)"
90BG 28/213,#5E93AD,"(94, 147, 173)"
Bluebird Skies,#99BDD0,"(153, 189, 208)"
81BG 60/128,#B0CFDD,"(176, 207, 221)"
79BG 66/110,#BDD7E3,"(189, 215, 227)"
10BB 13/362,#006B9B,"(0, 107, 155)"
Electric Storm,#0081B8,"(0, 129, 184)"
79BG 27/391,#0097C4,"(0, 151, 196)"
80BG 39/354,#38B1DB,"(56, 177, 219)"
Delft China,#82C8E3,"(130, 200, 227)"
66BG 68/157,#B4DCEA,"(180, 220, 234)"
69BG 77/076,#D3E5E9,"(211, 229, 233)"
11BB 15/359,#006B9F,"(0, 107, 159)"
99BG 22/432,#0087BD,"(0, 135, 189)"
Striking Cyan,#10A1CF,"(16, 161, 207)"
86BG 43/321,#57B7DD,"(87, 183, 221)"
77BG 57/234,#8DCCE7,"(141, 204, 231)"
73BG 64/122,#B6D4E0,"(182, 212, 224)"
82BG 79/062,#D6E5EB,"(214, 229, 235)"
22BB 08/161,#234760,"(35, 71, 96)"
10BB 11/350,#006392,"(0, 99, 146)"
16BB 19/395,#007CB6,"(0, 124, 182)"
98BG 45/237,#7FB7D6,"(127, 183, 214)"
07BB 62/156,#B2D1E7,"(178, 209, 231)"
90BG 72/100,#C9DEE9,"(201, 222, 233)"
64BG 78/058,#D7E5EA,"(215, 229, 234)"
10BB 07/150,#25485C,"(37, 72, 92)"
10BB 09/250,#005476,"(0, 84, 118)"
15BB 19/227,#457697,"(69, 118, 151)"
04BB 34/244,#67A0C1,"(103, 160, 193)"
04BB 57/189,#A1C9E3,"(161, 201, 227)"
99BG 62/159,#B1D2E6,"(177, 210, 230)"
Mineral Mist,#C3D8E3,"(195, 216, 227)"
Indigo Shade,#315368,"(49, 83, 104)"
18BB 19/153,#58748B,"(88, 116, 139)"
10BB 30/203,#6C97B3,"(108, 151, 179)"
06BB 39/179,#83A8C1,"(131, 168, 193)"
08BB 46/152,#98B6CB,"(152, 182, 203)"
01BB 59/109,#B4CBD9,"(180, 203, 217)"
89BG 72/060,#D0DDE3,"(208, 221, 227)"
17BB 08/104,#314655,"(49, 70, 85)"
Night Seas,#3A5267,"(58, 82, 103)"
30BB 17/158,#57718A,"(87, 113, 138)"
32BB 33/133,#8699AD,"(134, 153, 173)"
14BB 55/113,#B0C4D3,"(176, 196, 211)"
17BB 71/069,#CFDBE5,"(207, 219, 229)"
12BB 82/058,#E0EAEF,"(224, 234, 239)"
30BB 08/188,#274C68,"(39, 76, 104)"
31BB 15/212,#446A8B,"(68, 106, 139)"
Fallen Wildflower,#819BB4,"(129, 155, 180)"
30BB 54/120,#B2C2D5,"(178, 194, 213)"
30BB 63/084,#C3CFDA,"(195, 207, 218)"
30BB 73/052,#D6DDE5,"(214, 221, 229)"
39BB 81/032,#E4E8EC,"(228, 232, 236)"
30BB 08/225,#184C6E,"(24, 76, 110)"
30BB 11/244,#1D567C,"(29, 86, 124)"
30BB 14/242,#3A698D,"(58, 105, 141)"
30BB 27/236,#6790B3,"(103, 144, 179)"
30BB 47/179,#9BB6D1,"(155, 182, 209)"
30BB 63/097,#C2D0DF,"(194, 208, 223)"
Blueberry White,#D8E0E9,"(216, 224, 233)"
50BB 08/257,#1C4B75,"(28, 75, 117)"
Cobalt Embrace,#005184,"(0, 81, 132)"
30BB 23/291,#4883B0,"(72, 131, 176)"
30BB 33/235,#769DC2,"(118, 157, 194)"
36BB 46/231,#91B5D8,"(145, 181, 216)"
33BB 61/174,#B4CEEB,"(180, 206, 235)"
23BB 68/102,#C7D8E6,"(199, 216, 230)"
30BB 08/263,#004E76,"(0, 78, 118)"
30BB 10/337,#005B8E,"(0, 91, 142)"
Free Dive,#1B80B8,"(27, 128, 184)"
11BB 35/316,#57A3D1,"(87, 163, 209)"
14BB 39/289,#6CABD6,"(108, 171, 214)"
17BB 54/211,#9AC2E2,"(154, 194, 226)"
05BB 59/165,#AACCE3,"(170, 204, 227)"
50BB 06/163,#1C3753,"(28, 55, 83)"
32BB 10/296,#005482,"(0, 84, 130)"
Regal Silk,#006AA8,"(0, 106, 168)"
Delicate Cornflower,#5C9BCC,"(92, 155, 204)"
10BB 59/176,#A9CCE6,"(169, 204, 230)"
Sash Blue,#B6D1E2,"(182, 209, 226)"
06BB 71/091,#C7D9E3,"(199, 217, 227)"
56BB 07/196,#233F61,"(35, 63, 97)"
Pen Friend,#024A7F,"(2, 74, 127)"
45BB 18/339,#3573AB,"(53, 115, 171)"
42BB 23/348,#4181BA,"(65, 129, 186)"
24BB 43/232,#87B1D5,"(135, 177, 213)"
18BB 59/133,#B3CADE,"(179, 202, 222)"
Chalk Dust,#E6E9E9,"(230, 233, 233)"
51BB 11/311,#1C5789,"(28, 87, 137)"
58BB 12/390,#165F9C,"(22, 95, 156)"
51BB 27/310,#628CC0,"(98, 140, 192)"
45BB 37/281,#7CA4D3,"(124, 164, 211)"
21BB 52/181,#A1C0DC,"(161, 192, 220)"
Blissful Blue,#BFD1E4,"(191, 209, 228)"
38BB 69/096,#CBD8E6,"(203, 216, 230)"
72BB 07/288,#224373,"(34, 67, 115)"
50BB 18/276,#4D73A1,"(77, 115, 161)"
50BB 27/232,#718EB4,"(113, 142, 180)"
50BB 39/188,#8FA6C6,"(143, 166, 198)"
50BB 45/185,#9DB1D0,"(157, 177, 208)"
48BB 56/162,#B2C5DF,"(178, 197, 223)"
47BB 74/091,#D4DEEE,"(212, 222, 238)"
Sapphire Salute,#324965,"(50, 73, 101)"
Ink Wash,#567195,"(86, 113, 149)"
49BB 19/182,#5C7291,"(92, 114, 145)"
48BB 33/169,#8599B4,"(133, 153, 180)"
44BB 54/129,#B2C1D7,"(178, 193, 215)"
54BB 66/088,#CBD3E2,"(203, 211, 226)"
50BB 72/045,#D7DBE1,"(215, 219, 225)"
52BB 08/128,#37465C,"(55, 70, 92)"
50BB 17/126,#626F83,"(98, 111, 131)"
Blue Incense,#7F8A9C,"(127, 138, 156)"
54BB 39/103,#9CA5B6,"(156, 165, 182)"
50BB 54/079,#B9C1CD,"(185, 193, 205)"
49BB 63/056,#C9CFD8,"(201, 207, 216)"
06BB 79/016,#E2E5E6,"(226, 229, 230)"
Mystical Night,#3B4966,"(59, 73, 102)"
67BB 14/216,#4E6185,"(78, 97, 133)"
70BB 21/147,#707992,"(112, 121, 146)"
70BB 35/108,#979FB2,"(151, 159, 178)"
70BB 49/082,#B1B6C4,"(177, 182, 196)"
70BB 65/056,#CED1D9,"(206, 209, 217)"
70BB 73/030,#DBDDE0,"(219, 221, 224)"
Deepest Amethyst,#4A5A88,"(74, 90, 136)"
73BB 16/259,#546894,"(84, 104, 148)"
69BB 23/271,#677DAD,"(103, 125, 173)"
70BB 33/202,#8998BC,"(137, 152, 188)"
70BB 44/144,#A6AFC8,"(166, 175, 200)"
74BB 58/090,#C2C7D6,"(194, 199, 214)"
70BB 73/035,#DBDCE1,"(219, 220, 225)"
80BB 08/225,#324169,"(50, 65, 105)"
Honest Indigo,#17407D,"(23, 64, 125)"
Blueberry Icing,#567EBE,"(86, 126, 190)"
61BB 28/291,#6D8DBE,"(109, 141, 190)"
Soft Periwinkle,#97B1DA,"(151, 177, 218)"
49BB 51/186,#A3BADA,"(163, 186, 218)"
44BB 62/134,#BBCEE3,"(187, 206, 227)"
70BB 09/241,#354E76,"(53, 78, 118)"
Iris Bouquet,#5270A7,"(82, 112, 167)"
Violet Kiss,#7090C9,"(112, 144, 201)"
64BB 46/254,#9CB2DF,"(156, 178, 223)"
Wisteria Cascade,#ABBCDC,"(171, 188, 220)"
Spring Hyacinth,#C3CDE1,"(195, 205, 225)"
Lavender Chalk,#CFD7E3,"(207, 215, 227)"
91BB 07/263,#333D6B,"(51, 61, 107)"
81BB 22/273,#6C7AAB,"(108, 122, 171)"
83BB 27/352,#7586C6,"(117, 134, 198)"
Fantasy Land,#97A1CF,"(151, 161, 207)"
84BB 53/136,#B8BCD4,"(184, 188, 212)"
70BB 67/096,#CED3E3,"(206, 211, 227)"
Chiffon Silk,#DFE2E7,"(223, 226, 231)"
71BB 10/202,#3F4F72,"(63, 79, 114)"
90BB 19/267,#68709F,"(104, 112, 159)"
90BB 26/227,#8085AE,"(128, 133, 174)"
81BB 29/221,#848DB5,"(132, 141, 181)"
Petal Perfection,#AEB5D4,"(174, 181, 212)"
Summer Dusk,#BEC1D6,"(190, 193, 214)"
Lilac Sapphire,#DCDFE4,"(220, 223, 228)"
83BB 07/202,#343E61,"(52, 62, 97)"
86BB 15/237,#5A638D,"(90, 99, 141)"
90BB 21/220,#71779E,"(113, 119, 158)"
90BB 34/167,#9799B8,"(151, 153, 184)"
90BB 46/132,#AEB0C8,"(174, 176, 200)"
90BB 53/129,#BCBED5,"(188, 190, 213)"
Mauve Cloud,#D1D2DC,"(209, 210, 220)"
90BB 09/186,#454C6C,"(69, 76, 108)"
90BB 19/165,#6E718E,"(110, 113, 142)"
90BB 32/126,#9194AB,"(145, 148, 171)"
Lavender Quartz,#B8B9C8,"(184, 185, 200)"
Fragile Blossom,#C7C9D5,"(199, 201, 213)"
70BB 73/030,#DBDDE0,"(219, 221, 224)"
87BB 80/036,#E4E5EA,"(228, 229, 234)"
07RB 07/079,#3C3A48,"(60, 58, 72)"
09RB 12/102,#585568,"(88, 85, 104)"
10RB 17/122,#6F6C81,"(111, 108, 129)"
13RB 32/077,#9693A1,"(150, 147, 161)"
14RB 45/074,#B2AFBB,"(178, 175, 187)"
10RB 65/042,#D1D1D6,"(209, 209, 214)"
10RB 73/024,#DDDBDC,"(221, 219, 220)"
10RB 08/125,#444258,"(68, 66, 88)"
10RB 10/219,#534F74,"(83, 79, 116)"
10RB 17/210,#6C698D,"(108, 105, 141)"
10RB 35/167,#9C98B6,"(156, 152, 182)"
10RB 53/115,#BEBACF,"(190, 186, 207)"
10RB 68/081,#D4D1DF,"(212, 209, 223)"
16RB 73/058,#DDDAE4,"(221, 218, 228)"
18RB 08/286,#493F6C,"(73, 63, 108)"
16RB 13/349,#625894,"(98, 88, 148)"
15RB 27/316,#8B81BA,"(139, 129, 186)"
05RB 32/259,#9390BE,"(147, 144, 190)"
02RB 53/171,#BDBBDA,"(189, 187, 218)"
Gentle Lavender,#CDCCE1,"(205, 204, 225)"
04RB 71/092,#DBD8E7,"(219, 216, 231)"
Regal Purple,#423B64,"(66, 59, 100)"
23RB 11/349,#605088,"(96, 80, 136)"
12RB 18/337,#6F68A4,"(111, 104, 164)"
Plum Custard,#8D84B5,"(141, 132, 181)"
16RB 38/235,#A79DC8,"(167, 157, 200)"
90BB 62/139,#C8CAE4,"(200, 202, 228)"
Fragrant Peony,#D6D9E7,"(214, 217, 231)"
30RB 11/250,#5F507A,"(95, 80, 122)"
30RB 19/261,#7D6D99,"(125, 109, 153)"
Lilac Orchid,#A79DC8,"(167, 157, 200)"
12RB 51/169,#BCB7D5,"(188, 183, 213)"
Prom Queen,#C6C0D9,"(198, 192, 217)"
15RB 66/112,#D4CFE3,"(212, 207, 227)"
30RB 74/038,#E0DDE1,"(224, 221, 225)"
Baked Aubergine,#514961,"(81, 73, 97)"
30RB 16/144,#70677F,"(112, 103, 127)"
30RB 33/103,#9A95A6,"(154, 149, 166)"
30RB 50/072,#BEB9C5,"(190, 185, 197)"
16RB 69/065,#D8D5E0,"(216, 213, 224)"
30RB 73/027,#DEDBDE,"(222, 219, 222)"
90BB 83/011,#E9E8E8,"(233, 232, 232)"
30RB 10/214,#5A4D70,"(90, 77, 112)"
30RB 13/199,#655A7B,"(101, 90, 123)"
30RB 22/215,#83769B,"(131, 118, 155)"
30RB 35/166,#A398B4,"(163, 152, 180)"
30RB 53/117,#C3BACE,"(195, 186, 206)"
30RB 68/084,#D8D2E0,"(216, 210, 224)"
23RB 76/036,#E1DFE4,"(225, 223, 228)"
43RB 07/249,#523B64,"(82, 59, 100)"
41RB 19/322,#85689E,"(133, 104, 158)"
41RB 30/290,#A185B7,"(161, 133, 183)"
40RB 36/264,#AD94C2,"(173, 148, 194)"
42RB 53/176,#C8B7D6,"(200, 183, 214)"
50RB 69/097,#DDD2DF,"(221, 210, 223)"
Violet Jewel,#DFDDE2,"(223, 221, 226)"
50RB 09/156,#55455E,"(85, 69, 94)"
42RB 14/320,#74568C,"(116, 86, 140)"
41RB 24/309,#9477AC,"(148, 119, 172)"
40RB 43/233,#BCA5CC,"(188, 165, 204)"
42RB 63/137,#D6C8DE,"(214, 200, 222)"
Patisserie Pink,#E6DDE6,"(230, 221, 230)"
54RB 78/038,#E6E2E6,"(230, 226, 230)"
50RB 10/219,#624B6E,"(98, 75, 110)"
56RB 09/302,#63406E,"(99, 64, 110)"
50RB 20/199,#867091,"(134, 112, 145)"
50RB 34/153,#A493AC,"(164, 147, 172)"
50RB 52/107,#C6B9CA,"(198, 185, 202)"
50RB 66/066,#D8D0D9,"(216, 208, 217)"
50RB 74/033,#E0DDE0,"(224, 221, 224)"
43RB 09/077,#4E4653,"(78, 70, 83)"
50RB 13/107,#675C6D,"(103, 92, 109)"
42RB 21/094,#7F7685,"(127, 118, 133)"
50RB 35/067,#A29BA6,"(162, 155, 166)"
50RB 48/051,#BCB6BD,"(188, 182, 189)"
24RB 66/037,#D3D0D6,"(211, 208, 214)"
50RB 73/024,#DFDBDD,"(223, 219, 221)"
90RB 08/113,#533F4F,"(83, 63, 79)"
70RB 18/117,#7D6D7E,"(125, 109, 126)"
70RB 31/090,#9E919F,"(158, 145, 159)"
70RB 50/062,#BFB6BF,"(191, 182, 191)"
70RB 65/044,#D5CFD4,"(213, 207, 212)"
Petal Caress,#DAD2D8,"(218, 210, 216)"
67RB 75/030,#E3DEE2,"(227, 222, 226)"
78RB 08/163,#573B55,"(87, 59, 85)"
70RB 16/220,#7D5F7F,"(125, 95, 127)"
Frosted Grape,#AF98B0,"(175, 152, 176)"
Cosmos Flower,#C9B9C9,"(201, 185, 201)"
70RB 67/067,#DCD1D9,"(220, 209, 217)"
90RB 75/051,#E5DBE0,"(229, 219, 224)"
70RB 83/017,#EBE8E9,"(235, 232, 233)"
73RB 08/259,#603960,"(96, 57, 96)"
70RB 23/280,#9A729C,"(154, 114, 156)"
64RB 37/284,#BC93C1,"(188, 147, 193)"
64RB 55/192,#D5BAD8,"(213, 186, 216)"
65RB 62/156,#DCC5DD,"(220, 197, 221)"
Pretty Pink,#E4D2E2,"(228, 210, 226)"
79RB 76/076,#EBDEE8,"(235, 222, 232)"
90RB 12/225,#734D6C,"(115, 77, 108)"
83RB 13/268,#7C4E75,"(124, 78, 117)"
90RB 23/228,#9E7594,"(158, 117, 148)"
90RB 37/175,#B897AF,"(184, 151, 175)"
82RB 53/154,#D2B6CC,"(210, 182, 204)"
90RB 68/085,#E1D1DC,"(225, 209, 220)"
89RB 79/040,#EAE2E6,"(234, 226, 230)"
96RB 22/393,#AE639A,"(174, 99, 154)"
93RB 27/376,#B973A8,"(185, 115, 168)"
88RB 37/328,#C98EBD,"(201, 142, 189)"
86RB 47/274,#D6A4CC,"(214, 164, 204)"
85RB 53/237,#DDB1D4,"(221, 177, 212)"
84RB 60/175,#E0C0DA,"(224, 192, 218)"
84RB 69/108,#E5D1E0,"(229, 209, 224)"
01RR 16/397,#9D4F84,"(157, 79, 132)"
Eastern Silks,#AD588F,"(173, 88, 143)"
10RR 25/437,#C1669D,"(193, 102, 157)"
02RR 35/376,#D185B7,"(209, 133, 183)"
95RB 56/237,#E4B6D6,"(228, 182, 214)"
Sweet Pink,#E8C4DB,"(232, 196, 219)"
97RB 77/086,#EEDBE5,"(238, 219, 229)"
14RR 09/333,#7D3761,"(125, 55, 97)"
10RR 18/350,#A25A85,"(162, 90, 133)"
10RR 21/325,#A8658C,"(168, 101, 140)"
10RR 39/263,#CB94B3,"(203, 148, 179)"
94RB 60/214,#E6BDD9,"(230, 189, 217)"
89RB 72/119,#EBD3E2,"(235, 211, 226)"
81RB 75/080,#E8DAE5,"(232, 218, 229)"
14RR 12/349,#863B67,"(134, 59, 103)"
21RR 19/459,#B34F83,"(179, 79, 131)"
07RR 30/337,#BF7AA4,"(191, 122, 164)"
Party Balloons,#D699B9,"(214, 153, 185)"
Sweet Fondant,#E8BDD3,"(232, 189, 211)"
95RB 71/132,#EBD2E2,"(235, 210, 226)"
19RR 78/088,#F1DEE6,"(241, 222, 230)"
12RR 07/229,#603250,"(96, 50, 80)"
13RR 12/202,#744962,"(116, 73, 98)"
17RR 18/239,#915D79,"(145, 93, 121)"
15RR 27/249,#AE7995,"(174, 121, 149)"
10RR 39/184,#C29AAF,"(194, 154, 175)"
10RR 56/121,#D6BBC9,"(214, 187, 201)"
10RR 68/068,#E1D1D7,"(225, 209, 215)"
10RR 14/186,#7D596E,"(125, 89, 110)"
10RR 13/250,#82516F,"(130, 81, 111)"
10RR 22/178,#977287,"(151, 114, 135)"
10RR 35/133,#B195A4,"(177, 149, 164)"
10RR 53/087,#CDB9C3,"(205, 185, 195)"
10RR 67/057,#DED1D5,"(222, 209, 213)"
Pale Peony,#E7DDDE,"(231, 221, 222)"
30RR 09/187,#6A4253,"(106, 66, 83)"
50RR 19/203,#976876,"(151, 104, 118)"
42RR 26/194,#A77987,"(167, 121, 135)"
49RR 39/161,#C199A3,"(193, 153, 163)"
50RR 51/109,#D0B5BB,"(208, 181, 187)"
60RR 62/086,#DEC7CB,"(222, 199, 203)"
50RR 65/065,#DECDD0,"(222, 205, 208)"
30RR 12/281,#834662,"(131, 70, 98)"
30RR 23/270,#A86D86,"(168, 109, 134)"
30RR 31/223,#B88599,"(184, 133, 153)"
30RR 42/198,#CB9DB0,"(203, 157, 176)"
30RR 54/145,#D8B6C3,"(216, 182, 195)"
30RR 67/093,#E5CED4,"(229, 206, 212)"
30RR 74/058,#E8DADD,"(232, 218, 221)"
13RR 06/179,#5E354C,"(94, 53, 76)"
26RR 14/332,#92486C,"(146, 72, 108)"
30RR 26/335,#BB7191,"(187, 113, 145)"
32RR 50/280,#E6A7BE,"(230, 167, 190)"
30RR 61/195,#E9B9CA,"(233, 185, 202)"
33RR 74/111,#F1D5DD,"(241, 213, 221)"
70RB 83/026,#EDE8EA,"(237, 232, 234)"
30RR 10/321,#7D395A,"(125, 57, 90)"
30RR 15/375,#A14C72,"(161, 76, 114)"
31RR 21/462,#BE5385,"(190, 83, 133)"
21RR 36/354,#D486AC,"(212, 134, 172)"
14RR 48/276,#E1A5C3,"(225, 165, 195)"
13RR 72/121,#EDD3DF,"(237, 211, 223)"
90RB 83/026,#EEE9EB,"(238, 233, 235)"
Sumptuous Plum,#983660,"(152, 54, 96)"
43RR 19/444,#B8537B,"(184, 83, 123)"
Berry Smoothie,#D37998,"(211, 121, 152)"
47RR 33/395,#D97A99,"(217, 122, 153)"
49RR 50/250,#E7A8BA,"(231, 168, 186)"
47RR 55/175,#E3B6C2,"(227, 182, 194)"
36RR 75/114,#F5D8E1,"(245, 216, 225)"
10RR 08/100,#54414C,"(84, 65, 76)"
Acai Berry,#705F68,"(112, 95, 104)"
09RR 21/078,#84747C,"(132, 116, 124)"
11RR 29/068,#9A8B92,"(154, 139, 146)"
11RR 43/050,#B4AAAE,"(180, 170, 174)"
10RR 56/029,#C8C1C4,"(200, 193, 196)"
10RR 65/023,#D5CECF,"(213, 206, 207)"
Decadent Damson,#46383E,"(70, 56, 62)"
Dark Garnet,#5D3944,"(93, 57, 68)"
30RR 17/140,#856772,"(133, 103, 114)"
30RR 30/103,#A48C95,"(164, 140, 149)"
Dusted Fondant,#C3B3B8,"(195, 179, 184)"
Faded Petal,#DBCFD0,"(219, 207, 208)"
26RR 73/037,#E3DBDC,"(227, 219, 220)"
70RR 10/140,#6B4A50,"(107, 74, 80)"
70RR 16/116,#816469,"(129, 100, 105)"
70RR 24/096,#977F82,"(151, 127, 130)"
Heather Solstice,#B6A5A6,"(182, 165, 166)"
40RR 57/045,#CDC2C4,"(205, 194, 196)"
Sweet Embrace,#D6CCCA,"(214, 204, 202)"
74RR 76/023,#E5DFDE,"(229, 223, 222)"
84RR 05/082,#482E32,"(72, 46, 50)"
82RR 10/097,#5F4546,"(95, 69, 70)"
Rose Bark,#7B6364,"(123, 99, 100)"
90RR 35/060,#A99898,"(169, 152, 152)"
10YR 55/037,#C9BFBD,"(201, 191, 189)"
30YR 63/031,#D4CCC9,"(212, 204, 201)"
08YR 70/012,#DBD7D5,"(219, 215, 213)"
74RR 05/092,#442529,"(68, 37, 41)"
87RR 12/095,#6B5253,"(107, 82, 83)"
82RR 18/114,#85686A,"(133, 104, 106)"
90RR 31/100,#A78E8E,"(167, 142, 142)"
81RR 51/067,#C9B7B7,"(201, 183, 183)"
Faded Damson,#D8CFCD,"(216, 207, 205)"
90RR 73/027,#E3DBD8,"(227, 219, 216)"
01YR 07/180,#603231,"(96, 50, 49)"
10YR 17/184,#8F6360,"(143, 99, 96)"
Pressed Petal,#BC9795,"(188, 151, 149)"
10YR 50/101,#CEB2AF,"(206, 178, 175)"
Floating Petal,#D6C0BE,"(214, 192, 190)"
19YR 67/058,#DFCFCC,"(223, 207, 204)"
70RR 73/025,#E3DAD8,"(227, 218, 216)"
Tempered Chocolate,#5A3732,"(90, 55, 50)"
30YR 11/219,#79493F,"(121, 73, 63)"
30YR 18/212,#93645B,"(147, 100, 91)"
30YR 31/154,#B18B83,"(177, 139, 131)"
Pink Parchment,#CBB3AD,"(203, 179, 173)"
21YR 67/074,#E3CFCB,"(227, 207, 203)"
30YR 74/045,#E6DAD6,"(230, 218, 214)"
30YR 07/157,#5E3B34,"(94, 59, 52)"
30YR 16/162,#88625A,"(136, 98, 90)"
30YR 29/118,#A78A84,"(167, 138, 132)"
Pink Sandstone,#C49F9A,"(196, 159, 154)"
12YR 45/079,#C1ACA9,"(193, 172, 169)"
17YR 60/073,#D8C5C1,"(216, 197, 193)"
Blossom Tree,#E5DBD7,"(229, 219, 215)"
18YR 05/072,#453432,"(69, 52, 50)"
47RR 10/045,#54494B,"(84, 73, 75)"
Heart Wood,#9B8987,"(155, 137, 135)"
30YR 40/061,#B4A4A0,"(180, 164, 160)"
30YR 48/074,#C4B1AC,"(196, 177, 172)"
30YR 64/044,#D8CCC8,"(216, 204, 200)"
Soda Pink,#E3DAD6,"(227, 218, 214)"
48YR 06/091,#4E3A34,"(78, 58, 52)"
30YR 12/122,#71554E,"(113, 85, 78)"
30YR 15/112,#7C625C,"(124, 98, 92)"
60YR 41/072,#B5A49D,"(181, 164, 157)"
50YR 47/057,#BEB1AB,"(190, 177, 171)"
Muted Blush,#D5CBC6,"(213, 203, 198)"
Mellow Mocha,#D7CCC7,"(215, 204, 199)"
60YR 07/093,#503E37,"(80, 62, 55)"
Blanket Box,#6A4A3E,"(106, 74, 62)"
50YR 16/127,#7F6359,"(127, 99, 89)"
Fallen Burr,#C6B3AA,"(198, 179, 170)"
67YR 56/055,#CDC0B9,"(205, 192, 185)"
70YR 65/054,#DBCEC6,"(219, 206, 198)"
81YR 77/022,#E5E0DC,"(229, 224, 220)"
Pine Cone,#4A413E,"(74, 65, 62)"
54YR 12/074,#675750,"(103, 87, 80)"
50YR 22/052,#857873,"(133, 120, 115)"
60YR 33/047,#A09591,"(160, 149, 145)"
Perfectly Taupe,#C5BEBA,"(197, 190, 186)"
50YR 73/022,#DED9D5,"(222, 217, 213)"
60YR 83/009,#EDEAE6,"(237, 234, 230)"
48YR 09/077,#57453E,"(87, 69, 62)"
47YR 18/085,#806C65,"(128, 108, 101)"
60YR 30/094,#A18C82,"(161, 140, 130)"
70YR 46/069,#BEAFA6,"(190, 175, 166)"
90YR 64/040,#D6CEC7,"(214, 206, 199)"
Just Walnut,#E0DAD5,"(224, 218, 213)"
98YR 78/041,#E8E0D8,"(232, 224, 216)"
Saddle Brown,#5B4941,"(91, 73, 65)"
Woven Willow,#8B7267,"(139, 114, 103)"
70YR 31/135,#AA8E7F,"(170, 142, 127)"
Caramel Fudge,#C5AA9B,"(197, 170, 155)"
82YR 55/140,#D8BCAA,"(216, 188, 170)"
74YR 68/064,#E1D2CA,"(225, 210, 202)"
Almost Oyster,#E7DCD5,"(231, 220, 213)"
50YR 07/162,#5E3E32,"(94, 62, 50)"
Chocolate Fountain,#7A4D3A,"(122, 77, 58)"
Folk Tales,#976856,"(151, 104, 86)"
57YR 32/176,#B48D7C,"(180, 141, 124)"
51YR 48/101,#C9B1A8,"(201, 177, 168)"
50YR 65/056,#DBCCC6,"(219, 204, 198)"
50YR 74/043,#E5D9D4,"(229, 217, 212)"
65YR 11/146,#6C4E3E,"(108, 78, 62)"
46YR 12/287,#864833,"(134, 72, 51)"
Leather Case,#9B6D54,"(155, 109, 84)"
57YR 27/226,#AF7F6B,"(175, 127, 107)"
59YR 53/163,#DBB6A6,"(219, 182, 166)"
75YR 64/102,#E1CBBE,"(225, 203, 190)"
79YR 76/064,#EBDED4,"(235, 222, 212)"
70YR 12/077,#66554D,"(102, 85, 77)"
62YR 13/217,#7C503A,"(124, 80, 58)"
Fire Wood,#9A7259,"(154, 114, 89)"
Malted Caramel,#BA977C,"(186, 151, 124)"
08YY 55/137,#D4BEA8,"(212, 190, 168)"
10YY 68/110,#E3D1BF,"(227, 209, 191)"
08YY 72/077,#E6D9CC,"(230, 217, 204)"
60YR 08/186,#674332,"(103, 67, 50)"
70YR 18/184,#8F6C58,"(143, 108, 88)"
85YR 32/167,#AF907B,"(175, 144, 123)"
84YR 49/139,#CCB19F,"(204, 177, 159)"
90YR 59/108,#D9C4B6,"(217, 196, 182)"
80YR 67/085,#E1CFC3,"(225, 207, 195)"
Pink Skies,#EFE7E0,"(239, 231, 224)"
80YR 11/151,#6C5141,"(108, 81, 65)"
80YR 27/147,#A08573,"(160, 133, 115)"
90YR 41/179,#C1A28B,"(193, 162, 139)"
90YR 53/132,#D3BAA7,"(211, 186, 167)"
03YY 66/105,#E1CFBE,"(225, 207, 190)"
Tissue Paper,#E4D8CE,"(228, 216, 206)"
00YY 83/034,#F0E8DF,"(240, 232, 223)"
70YR 09/086,#5B4A41,"(91, 74, 65)"
80YR 17/129,#826A5C,"(130, 106, 92)"
81YR 38/111,#B59F91,"(181, 159, 145)"
90YR 51/109,#CCB7A8,"(204, 183, 168)"
Soft Stone,#D6C2B7,"(214, 194, 183)"
00YY 63/067,#D8CBC0,"(216, 203, 192)"
20YY 83/038,#EFE8DF,"(239, 232, 223)"
00YY 07/093,#4D3F33,"(77, 63, 51)"
79YR 19/096,#826F63,"(130, 111, 99)"
90YR 34/084,#A8998E,"(168, 153, 142)"
Pressed Putty,#C0B4AB,"(192, 180, 171)"
Archive Papers,#CAC0B8,"(202, 192, 184)"
Gentle Fawn,#D9CEC4,"(217, 206, 196)"
Nutmeg White,#E3DCD4,"(227, 220, 212)"
70YR 07/093,#4E3D34,"(78, 61, 52)"
70YR 13/140,#765B4D,"(118, 91, 77)"
80YR 21/118,#8C7567,"(140, 117, 103)"
90YR 43/101,#BAA79A,"(186, 167, 154)"
00YY 50/091,#C5B5A7,"(197, 181, 167)"
03YY 59/088,#D4C5B6,"(212, 197, 182)"
03YY 66/085,#DFD0C2,"(223, 208, 194)"
00YY 09/069,#52463B,"(82, 70, 59)"
Lucky Penny,#7C6655,"(124, 102, 85)"
90YR 26/147,#9E8472,"(158, 132, 114)"
97YR 39/118,#B5A08F,"(181, 160, 143)"
10YY 53/132,#CCB9A4,"(204, 185, 164)"
Caramel Latte,#D7C6B4,"(215, 198, 180)"
Nutty Crunch,#DECEBE,"(222, 206, 190)"
90YR 10/151,#664D3B,"(102, 77, 59)"
Acorn Cap,#8D6E5A,"(141, 110, 90)"
90YR 33/167,#B1937D,"(177, 147, 125)"
Smooth Maple,#CEAF96,"(206, 175, 150)"
00YY 62/144,#DFC6B0,"(223, 198, 176)"
10YY 75/084,#EBDCCC,"(235, 220, 204)"
21YY 82/053,#EFE7DC,"(239, 231, 220)"
91YR 10/089,#5A4A3D,"(90, 74, 61)"
00YY 12/173,#70563E,"(112, 86, 62)"
Spiced Honey,#A38061,"(163, 128, 97)"
10YY 44/215,#C9A887,"(201, 168, 135)"
10YY 55/163,#D7BEA3,"(215, 190, 163)"
Toasted Meringue,#E7D4BC,"(231, 212, 188)"
45YY 82/098,#F1E7D3,"(241, 231, 211)"
00YY 09/186,#6A4E36,"(106, 78, 54)"
00YY 19/261,#906A46,"(144, 106, 70)"
98YR 26/291,#AA7E54,"(170, 126, 84)"
11YY 37/219,#BA9A77,"(186, 154, 119)"
Beach Walk,#D4BFA5,"(212, 191, 165)"
Golden Light,#DDC9B0,"(221, 201, 176)"
30YY 79/070,#EDE3D5,"(237, 227, 213)"
Brass Bell,#735237,"(115, 82, 55)"
09YY 28/180,#A1876A,"(161, 135, 106)"
English Elm,#BEA488,"(190, 164, 136)"
12YY 47/184,#C9AE91,"(201, 174, 145)"
15YY 57/150,#D7C1A8,"(215, 193, 168)"
20YY 69/120,#E4D2BC,"(228, 210, 188)"
20YY 83/063,#F1E8DC,"(241, 232, 220)"
10YY 11/187,#6D5539,"(109, 85, 57)"
Country Tweed,#896A46,"(137, 106, 70)"
Brass Buckle,#A48561,"(164, 133, 97)"
20YY 43/200,#C5AA88,"(197, 170, 136)"
20YY 57/178,#D9C1A2,"(217, 193, 162)"
20YY 61/127,#DAC8B2,"(218, 200, 178)"
20YY 68/102,#E0D1BF,"(224, 209, 191)"
Cacao Nibs,#594B3F,"(89, 75, 63)"
06YY 21/130,#8A7662,"(138, 118, 98)"
10YY 33/163,#AB9279,"(171, 146, 121)"
20YY 39/130,#B3A18C,"(179, 161, 140)"
20YY 53/124,#CDBBA6,"(205, 187, 166)"
30YY 58/082,#CEC5B6,"(206, 197, 182)"
30YY 78/035,#E6E1D8,"(230, 225, 216)"
10YY 08/093,#54473B,"(84, 71, 59)"
Bramble Ramble,#6D5E4D,"(109, 94, 77)"
20YY 31/106,#A09180,"(160, 145, 128)"
20YY 45/114,#BCAD9A,"(188, 173, 154)"
20YY 60/104,#D6C7B5,"(214, 199, 181)"
20YY 67/084,#DBCFC0,"(219, 207, 192)"
20YY 74/055,#E4DBD0,"(228, 219, 208)"
30YY 05/044,#3F3934,"(63, 57, 52)"
10YY 14/080,#6E6256,"(110, 98, 86)"
Brave Ground,#9D8E7E,"(157, 142, 126)"
20YY 37/094,#AB9E8E,"(171, 158, 142)"
Angora Blanket,#B6AB9D,"(182, 171, 157)"
20YY 58/082,#D1C5B7,"(209, 197, 183)"
15YY 69/080,#E1D4C6,"(225, 212, 198)"
30YY 08/082,#52483B,"(82, 72, 59)"
20YY 22/129,#8B7A66,"(139, 122, 102)"
22YY 32/156,#A79278,"(167, 146, 120)"
30YY 53/124,#CCBDA6,"(204, 189, 166)"
40YY 67/087,#DDD3C2,"(221, 211, 194)"
Welsh Flint,#E4DDCE,"(228, 221, 206)"
40YY 83/043,#EFE9DF,"(239, 233, 223)"
10YY 17/140,#7C6A55,"(124, 106, 85)"
20YY 24/177,#978064,"(151, 128, 100)"
20YY 31/205,#AA906F,"(170, 144, 111)"
30YY 47/145,#C3B198,"(195, 177, 152)"
25YY 54/123,#CEBEA8,"(206, 190, 168)"
30YY 62/127,#DACAB3,"(218, 202, 179)"
Shifting Sands,#DCD1C0,"(220, 209, 192)"
20YY 09/175,#634F35,"(99, 79, 53)"
Burnished Brass,#7D623B,"(125, 98, 59)"
20YY 23/246,#987B54,"(152, 123, 84)"
20YY 38/225,#BD9F7B,"(189, 159, 123)"
30YY 58/178,#D9C3A4,"(217, 195, 164)"
30YY 64/149,#DFCCB1,"(223, 204, 177)"
35YY 76/110,#ECDFCA,"(236, 223, 202)"
30YY 12/263,#745D36,"(116, 93, 54)"
30YY 27/226,#9F8662,"(159, 134, 98)"
30YY 36/185,#B29C7D,"(178, 156, 125)"
25YY 46/170,#C5AF92,"(197, 175, 146)"
30YY 65/171,#E4CFB1,"(228, 207, 177)"
40YY 70/138,#E6D7BD,"(230, 215, 189)"
49YY 75/130,#E9DDC4,"(233, 221, 196)"
Aged Bronze,#645636,"(100, 86, 54)"
30YY 17/209,#7F6948,"(127, 105, 72)"
30YY 39/225,#BBA17B,"(187, 161, 123)"
Cashew Nut,#DBCAA4,"(219, 202, 164)"
46YY 63/147,#DACCB0,"(218, 204, 176)"
44YY 69/140,#E3D5BB,"(227, 213, 187)"
57YY 86/073,#F3EDDD,"(243, 237, 221)"
30YY 09/175,#645239,"(100, 82, 57)"
30YY 20/193,#8A7455,"(138, 116, 85)"
40YY 41/152,#B7A78C,"(183, 167, 140)"
Dune Grass,#CABB9E,"(202, 187, 158)"
47YY 62/143,#D6C9AD,"(214, 201, 173)"
Elderflower Tea,#E8DCC6,"(232, 220, 198)"
Vanilla White,#F0E8DA,"(240, 232, 218)"
19YY 15/105,#6F614F,"(111, 97, 79)"
30YY 24/177,#948062,"(148, 128, 98)"
30YY 28/161,#9D8B70,"(157, 139, 112)"
30YY 44/114,#BCAE9A,"(188, 174, 154)"
Pocket Stone,#D4C9B5,"(212, 201, 181)"
Rolled Oats,#DBCFBB,"(219, 207, 187)"
53YY 77/064,#E7E1D4,"(231, 225, 212)"
Country Boots,#63584C,"(99, 88, 76)"
21YY 18/079,#786D60,"(120, 109, 96)"
20YY 29/095,#998C7C,"(153, 140, 124)"
21YY 38/102,#B0A290,"(176, 162, 144)"
30YY 51/098,#C6BAA8,"(198, 186, 168)"
30YY 60/104,#D3C6B4,"(211, 198, 180)"
51YY 74/066,#E3DDCF,"(227, 221, 207)"
64YY 10/021,#4F4E49,"(79, 78, 73)"
Urban Walk,#8A8376,"(138, 131, 118)"
40YY 38/107,#AFA490,"(175, 164, 144)"
River Bed,#C1B8A8,"(193, 184, 168)"
Egyptian Cotton,#D8D1C5,"(216, 209, 197)"
Bakers Flour,#E1DACA,"(225, 218, 202)"
64YY 83/058,#ECE9DC,"(236, 233, 220)"
Tawny Owl,#5F5A4C,"(95, 90, 76)"
Common Dormouse,#908874,"(144, 136, 116)"
Silken Clay,#ABA18D,"(171, 161, 141)"
46YY 53/062,#C3BDB0,"(195, 189, 176)"
54YY 63/072,#D3CDBE,"(211, 205, 190)"
64YY 65/071,#D5D1C2,"(213, 209, 194)"
81YY 81/016,#E8E7E3,"(232, 231, 227)"
48YY 12/123,#625841,"(98, 88, 65)"
45YY 20/168,#847558,"(132, 117, 88)"
Desert Dusk,#938564,"(147, 133, 100)"
Hemp Cloth,#B6A379,"(182, 163, 121)"
Cardamom Pod,#C4B591,"(196, 181, 145)"
Cobble Cove,#E6D9B7,"(230, 217, 183)"
Tailors Chalk,#E8E1CB,"(232, 225, 203)"
70YY 09/175,#5A5335,"(90, 83, 53)"
70YY 18/152,#787256,"(120, 114, 86)"
70YY 34/180,#A49B7A,"(164, 155, 122)"
70YY 46/160,#B8B192,"(184, 177, 146)"
52YY 55/131,#CBC0A7,"(203, 192, 167)"
70YY 66/130,#D9D2B8,"(217, 210, 184)"
58YY 72/095,#E1DAC7,"(225, 218, 199)"
Writers Desk,#494538,"(73, 69, 56)"
70YY 26/137,#918A70,"(145, 138, 112)"
60YY 33/130,#9E967E,"(158, 150, 126)"
64YY 39/108,#AAA48F,"(170, 164, 143)"
Mossy Stone,#CBC5B1,"(203, 197, 177)"
70YY 65/090,#D4CFBC,"(212, 207, 188)"
Fossil Hunting,#DEDACB,"(222, 218, 203)"
90YY 19/075,#747264,"(116, 114, 100)"
Flint Arrow,#949488,"(148, 148, 136)"
83YY 45/055,#B2B1A5,"(178, 177, 165)"
Matcha Grey,#B6B4A9,"(182, 180, 169)"
96YY 66/036,#D3D3CB,"(211, 211, 203)"
81YY 73/041,#DEDDD3,"(222, 221, 211)"
Clock Face,#EBEAE4,"(235, 234, 228)"
30GY 11/076,#53594C,"(83, 89, 76)"
08GY 19/067,#717366,"(113, 115, 102)"
08GY 32/058,#94968A,"(148, 150, 138)"
Silver Lichen,#AFB3A5,"(175, 179, 165)"
Lunar Landing,#C0C1B5,"(192, 193, 181)"
82YY 67/046,#D6D5CB,"(214, 213, 203)"
Spiders Web,#DDDCD3,"(221, 220, 211)"
12GY 10/087,#4F5342,"(79, 83, 66)"
11GY 12/072,#575A4C,"(87, 90, 76)"
17GY 27/098,#858A77,"(133, 138, 119)"
12GY 39/101,#A3A793,"(163, 167, 147)"
16GY 66/078,#D0D4C3,"(208, 212, 195)"
99YY 77/080,#E2E3D2,"(226, 227, 210)"
63GY 83/021,#E6E9E3,"(230, 233, 227)"
Palm Night,#384137,"(56, 65, 55)"
Trafalgar Grey,#5C615A,"(92, 97, 90)"
Mouse Tail,#7B8178,"(123, 129, 120)"
Highland Mist,#9DA298,"(157, 162, 152)"
Tranquil Dawn,#BDC3B9,"(189, 195, 185)"
Silver Shingle,#DCDFD8,"(220, 223, 216)"
70GY 72/025,#D7DAD5,"(215, 218, 213)"
30GG 10/050,#47524D,"(71, 82, 77)"
74GY 15/043,#616760,"(97, 103, 96)"
77GY 32/058,#8F988F,"(143, 152, 143)"
90GY 46/056,#A9B4AB,"(169, 180, 171)"
Tumbled Glass,#C6D0C8,"(198, 208, 200)"
90GY 72/040,#D5DED6,"(213, 222, 214)"
90GY 82/028,#E3E9E1,"(227, 233, 225)"
50GG 05/063,#2D3D39,"(45, 61, 57)"
Neptune Seas,#627775,"(98, 119, 117)"
Midnight Garden,#6D837D,"(109, 131, 125)"
Fresh Foliage,#98A9A4,"(152, 169, 164)"
54GG 47/053,#A9B7B3,"(169, 183, 179)"
50GG 63/042,#C6D1CD,"(198, 209, 205)"
50GG 73/031,#D5DDD8,"(213, 221, 216)"
44GG 08/039,#384340,"(56, 67, 64)"
10GG 21/050,#757E78,"(117, 126, 120)"
Storm Day,#838C86,"(131, 140, 134)"
10GG 38/038,#9DA5A0,"(157, 165, 160)"
Garden Grey,#B8BFBA,"(184, 191, 186)"
Weathered Glass,#CDD4CE,"(205, 212, 206)"
10GG 72/022,#D5DAD5,"(213, 218, 213)"
92BG 08/031,#3D4448,"(61, 68, 72)"
Winters Sky,#4E5A60,"(78, 90, 96)"
70BG 28/060,#829096,"(130, 144, 150)"
70BG 40/050,#9DAAAE,"(157, 170, 174)"
Misty Morning,#B7C3C5,"(183, 195, 197)"
80GG 67/036,#CBD5D3,"(203, 213, 211)"
85GG 76/039,#D7E3E0,"(215, 227, 224)"
90BG 08/075,#394A53,"(57, 74, 83)"
93BG 18/066,#64727A,"(100, 114, 122)"
Denim Drift,#7C8D95,"(124, 141, 149)"
90BG 35/068,#8F9EA5,"(143, 158, 165)"
90BG 44/049,#A7B1B6,"(167, 177, 182)"
50BG 64/028,#C9D1D2,"(201, 209, 210)"
Drifting Cloud,#DBE0E0,"(219, 224, 224)"
00BB 06/017,#36393A,"(54, 57, 58)"
Ink Well,#364A55,"(54, 74, 85)"
Faded Indigo,#5E717B,"(94, 113, 123)"
90BG 30/073,#84939C,"(132, 147, 156)"
Earl Blue,#A0A9AE,"(160, 169, 174)"
90BG 63/043,#C7D0D4,"(199, 208, 212)"
50BG 74/020,#D9DEDF,"(217, 222, 223)"
20BB 08/051,#3D454D,"(61, 69, 77)"
21BB 12/077,#4E5B66,"(78, 91, 102)"
18BB 18/075,#63707B,"(99, 112, 123)"
16BB 27/091,#7E8D99,"(126, 141, 153)"
10BB 39/100,#95A7B4,"(149, 167, 180)"
10BB 55/065,#B8C4CC,"(184, 196, 204)"
84BG 66/028,#CDD3D5,"(205, 211, 213)"
Sapphire Splendour,#3B424C,"(59, 66, 76)"
49BB 14/046,#60666C,"(96, 102, 108)"
Grey Splendor,#737B84,"(115, 123, 132)"
30BB 31/043,#90969C,"(144, 150, 156)"
Restful Slumber,#AAB2B9,"(170, 178, 185)"
Misty Mirror,#C8CED4,"(200, 206, 212)"
10BB 73/039,#D7DDE1,"(215, 221, 225)"
Black Opal,#2C3241,"(44, 50, 65)"
Veiled Violet,#606573,"(96, 101, 115)"
70BB 28/080,#898D9B,"(137, 141, 155)"
70BB 40/062,#A3A7B1,"(163, 167, 177)"
70BB 55/044,#BEC2C9,"(190, 194, 201)"
70BB 64/035,#CCCED3,"(204, 206, 211)"
70BB 73/020,#DADBDC,"(218, 219, 220)"
Blackberry Bush,#3B343F,"(59, 52, 63)"
10RB 14/049,#66656D,"(102, 101, 109)"
10RB 23/061,#81808B,"(129, 128, 139)"
10RB 28/055,#8C8B95,"(140, 139, 149)"
Violet Storm,#B4B3B9,"(180, 179, 185)"
30RB 64/030,#D1CFD3,"(209, 207, 211)"
90BB 73/022,#DBDBDD,"(219, 219, 221)"
Plum Compote,#484253,"(72, 66, 83)"
38RB 15/086,#675F6D,"(103, 95, 109)"
30RB 26/067,#8A8692,"(138, 134, 146)"
30RB 36/055,#A09DA7,"(160, 157, 167)"
30RB 49/042,#B8B5BC,"(184, 181, 188)"
30RB 56/036,#C4C1C6,"(196, 193, 198)"
30RB 73/016,#DCDBDB,"(220, 219, 219)"
39RR 07/029,#41393B,"(65, 57, 59)"
38RR 15/026,#676162,"(103, 97, 98)"
Wooded Solace,#807A7C,"(128, 122, 124)"
50RR 32/029,#9F9899,"(159, 152, 153)"
50RR 54/018,#C4C0C0,"(196, 192, 192)"
90RR 64/025,#D5CECD,"(213, 206, 205)"
50RR 72/010,#DDDAD8,"(221, 218, 216)"
16YR 12/037,#5F5654,"(95, 86, 84)"
Damson Dusk,#6E6867,"(110, 104, 103)"
04YR 24/029,#867E7D,"(134, 126, 125)"
34YR 35/025,#A19B98,"(161, 155, 152)"
33YR 48/037,#BEB4B1,"(190, 180, 177)"
Silver Shores,#BEBCBA,"(190, 188, 186)"
50YR 62/008,#CDCBC9,"(205, 203, 201)"
62RR 09/009,#4D4A4A,"(77, 74, 74)"
Vintage Smoke,#66605C,"(102, 96, 92)"
62YR 22/051,#857A74,"(133, 122, 116)"
73YR 32/063,#A1948C,"(161, 148, 140)"
96YR 46/065,#BDB1A6,"(189, 177, 166)"
Waxed Wood,#D5CCC4,"(213, 204, 196)"
Paper Chain,#DFDAD5,"(223, 218, 213)"
Dipped Chocolate,#4A423A,"(74, 66, 58)"
Vintage Coins,#796C61,"(121, 108, 97)"
Praline Melt,#847B72,"(132, 123, 114)"
Woodland Trail,#9D948B,"(157, 148, 139)"
10YY 48/071,#C2B6A9,"(194, 182, 169)"
19YY 61/057,#D2CABF,"(210, 202, 191)"
30YY 69/048,#DDD7CD,"(221, 215, 205)"
Stable Gates,#48433F,"(72, 67, 63)"
Spinning Wheel,#4E4A45,"(78, 74, 69)"
30YY 20/029,#7D7974,"(125, 121, 116)"
10YY 46/041,#BAB3AC,"(186, 179, 172)"
10YY 54/034,#C5BFB9,"(197, 191, 185)"
Pale Taupe,#D2CDC6,"(210, 205, 198)"
27YY 77/042,#E5DFD7,"(229, 223, 215)"
90YR 06/001,#363635,"(54, 54, 53)"
96YR 09/033,#514C47,"(81, 76, 71)"
Willow Twig,#6C645F,"(108, 100, 95)"
Woven Nest,#9E9890,"(158, 152, 144)"
30YY 46/036,#B7B3AC,"(183, 179, 172)"
Gentle Moon,#D8D4CE,"(216, 212, 206)"
Love Letter,#E4E1DB,"(228, 225, 219)"
Raisin Cake,#53504D,"(83, 80, 77)"
17YY 16/022,#6C6965,"(108, 105, 101)"
Warm Grey,#817B73,"(129, 123, 115)"
Narrow Lane,#B0AAA0,"(176, 170, 160)"
Cygnet Feather,#B7AFA4,"(183, 175, 164)"
Knotted Twine,#CBC4B8,"(203, 196, 184)"
Pebble Shore,#D2CFC6,"(210, 207, 198)"
Wild Mushroom,#68655D,"(104, 101, 93)"
54YY 22/044,#7F7B73,"(127, 123, 115)"
Grey Taupe,#9C968B,"(156, 150, 139)"
54YY 46/065,#B7B2A4,"(183, 178, 164)"
39YY 53/067,#C4BDB0,"(196, 189, 176)"
44YY 65/034,#CECCC3,"(206, 204, 195)"
30YY 72/018,#DEDCD7,"(222, 220, 215)"
Scottish Loch,#4C4E48,"(76, 78, 72)"
City Fog,#63655D,"(99, 101, 93)"
Weathered Penny,#818278,"(129, 130, 120)"
30GY 40/029,#A4A7A1,"(164, 167, 161)"
30GY 56/023,#C1C2BD,"(193, 194, 189)"
50GY 72/012,#DADBD6,"(218, 219, 214)"
30GY 76/017,#E0E1DC,"(224, 225, 220)"
61GY 11/019,#4F514D,"(79, 81, 77)"
54GG 16/017,#646967,"(100, 105, 103)"
93GY 24/024,#7F847F,"(127, 132, 127)"
80GY 50/031,#B5BBB5,"(181, 187, 181)"
79GY 59/017,#C5C7C3,"(197, 199, 195)"
49GG 77/014,#DEE2E0,"(222, 226, 224)"
11GY 85/016,#ECEDE7,"(236, 237, 231)"
Almost Black,#3C3E3E,"(60, 62, 62)"
78BG 12/032,#555C5E,"(85, 92, 94)"
Storm Clearing,#8F9391,"(143, 147, 145)"
Warm Pewter,#A2A5A5,"(162, 165, 165)"
30GG 52/011,#B8BBB9,"(184, 187, 185)"
Goose Down,#C9CBC9,"(201, 203, 201)"
30BG 72/017,#D6DAD7,"(214, 218, 215)"
Cannon Ball,#505354,"(80, 83, 84)"
Basically Black,#494D52,"(73, 77, 82)"
Thunder Clouds,#676A6B,"(103, 106, 107)"
12BB 35/025,#9A9EA0,"(154, 158, 160)"
95BG 49/025,#B2B8BA,"(178, 184, 186)"
30BB 62/004,#CBCDCC,"(203, 205, 204)"
Grey Wisp,#DADAD9,"(218, 218, 217)"
Cobalt Night,#343639,"(52, 54, 57)"
Noble Grey,#4D4F52,"(77, 79, 82)"
95BG 23/044,#767F84,"(118, 127, 132)"
Natural Slate,#909396,"(144, 147, 150)"
Wise Diamond,#AFB1B3,"(175, 177, 179)"
30BB 53/012,#BDBFC0,"(189, 191, 192)"
Snail Trail,#DAE0E2,"(218, 224, 226)"
81YR 06/003,#343333,"(52, 51, 51)"
26BB 10/008,#4F5050,"(79, 80, 80)"
28GG 22/002,#7D7D7C,"(125, 125, 124)"
Chic Shadow,#BABAB9,"(186, 186, 185)"
Brushed Buckle,#CCCCCB,"(204, 204, 203)"
Polished Pebble,#D8D8D7,"(216, 216, 215)"
Calm Clouds,#E8E8E5,"(232, 232, 229)"
60RR 07/002,#3F3E3E,"(63, 62, 62)"
36RR 14/002,#616160,"(97, 97, 96)"
16BB 25/001,#858585,"(133, 133, 133)"
53BB 36/004,#9E9F9E,"(158, 159, 158)"
21BG 45/002,#B0B0AF,"(176, 176, 175)"
17GY 68/005,#D4D4D2,"(212, 212, 210)"
75GY 81/005,#E6E7E4,"(230, 231, 228)"
87YR 12/005,#5B5A58,"(91, 90, 88)"
31BG 26/004,#878888,"(135, 136, 136)"
Concrete Grey,#9D9E9D,"(157, 158, 157)"
49GG 52/001,#BCBDBB,"(188, 189, 187)"
Surrendered Skies,#CBCCCB,"(203, 204, 203)"
08GG 72/006,#D9DAD8,"(217, 218, 216)"
81YR 85/004,#EBEAE8,"(235, 234, 232)"
